game_id,team,gameday,off_expl_pass_rate,off_expl_rush_rate,off_big_epa_rate,off_bust_epa_rate,off_epa_std,def_expl_pass_allowed,def_expl_rush_allowed,def_big_epa_allowed,def_havoc_epa_rate,def_epa_std_allowed,st_epa_mean,st_epa_std
2025_11_SF_ARI,ARI,2025-11-16,0.06666666666666667,0.0,0.08860759493670886,0.0379746835443038,1.5355594162025976,0.1,0.13636363636363635,0.09615384615384616,0.057692307692307696,1.1372260148908648,-0.0006309454736507883,0.41468393533002085
2025_12_JAX_ARI,ARI,2025-11-23,0.03076923076923077,0.05263157894736842,0.03571428571428571,0.09523809523809523,1.1060922831715159,0.1111111111111111,0.04,0.18032786885245902,0.11475409836065574,1.8593026154158336,0.1061351066719738,0.8396981788586092
2025_13_ARI_TB,ARI,2025-11-30,0.045454545454545456,0.125,0.06666666666666667,0.08333333333333333,1.4514109177323151,0.17142857142857143,0.045454545454545456,0.13793103448275862,0.10344827586206896,1.2351750707280194,-0.008464463743805951,0.5921176354107738
2025_14_LA_ARI,ARI,2025-12-07,0.08,0.0,0.0967741935483871,0.04838709677419355,1.1910269407751293,0.15151515151515152,0.17647058823529413,0.13432835820895522,0.014925373134328358,1.1501844528167882,0.06938494250337679,0.45277254514812065
2025_15_ARI_HOU,ARI,2025-12-14,0.06521739130434782,0.0,0.13636363636363635,0.06060606060606061,1.2719073489341892,0.06060606060606061,0.12903225806451613,0.125,0.046875,1.2202689938988693,-0.4415099781920825,1.618486944407091
2025_16_ATL_ARI,ARI,2025-12-21,0.11764705882352941,0.13043478260869565,0.12280701754385964,0.05263157894736842,1.2684747927566973,0.02631578947368421,0.16216216216216217,0.16,0.08,1.2965663610461682,0.23460049271383693,0.2897252304844856
2025_17_ARI_CIN,ARI,2025-12-28,0.045454545454545456,0.07692307692307693,0.12280701754385964,0.08771929824561403,1.3938855470509532,0.09302325581395349,0.06666666666666667,0.136986301369863,0.0410958904109589,1.1438114583923418,0.1647827886530754,0.8284184658924102
2025_18_ARI_LA,ARI,2026-01-04,0.11904761904761904,0.14285714285714285,0.125,0.08928571428571429,1.4513955911418146,0.09523809523809523,0.17857142857142858,0.09859154929577464,0.04225352112676056,1.053482052801806,0.04946565075644115,0.40121549141325474
2025_11_CAR_ATL,ATL,2025-11-16,0.11428571428571428,0.0967741935483871,0.10606060606060606,0.06060606060606061,1.0036283405800535,0.16981132075471697,0.0,0.189873417721519,0.0759493670886076,1.4971080841592064,-0.2666335596477305,1.4909379888227523
2025_12_ATL_NO,ATL,2025-11-23,0.11538461538461539,0.10714285714285714,0.12962962962962962,0.1111111111111111,1.7153185681046879,0.0,0.038461538461538464,0.0625,0.0875,1.2782267564859378,-0.08048645605492255,0.672046700573225
2025_13_ATL_NYJ,ATL,2025-11-30,0.08333333333333333,0.1875,0.13043478260869565,0.07246376811594203,1.1716958242370485,0.023255813953488372,0.0,0.09230769230769231,0.046153846153846156,1.0808926982329383,-0.11693160332224843,0.34153651108310984
2025_14_SEA_ATL,ATL,2025-12-07,0.12121212121212122,0.03225806451612903,0.078125,0.15625,1.447202269384302,0.11428571428571428,0.11538461538461539,0.16393442622950818,0.04918032786885246,1.3767645420993162,0.39150840833058786,0.5013259521829226
2025_15_ATL_TB,ATL,2025-12-11,0.10638297872340426,0.18181818181818182,0.15942028985507245,0.028985507246376812,1.2260012942444258,0.10638297872340426,0.13636363636363635,0.13043478260869565,0.057971014492753624,1.1877638665527956,0.19201735809021167,0.3740986117704081
2025_16_ATL_ARI,ATL,2025-12-21,0.02631578947368421,0.16216216216216217,0.16,0.08,1.2965663610461682,0.11764705882352941,0.13043478260869565,0.12280701754385964,0.05263157894736842,1.2684747927566973,0.30193886301076617,0.5397124912825968
2025_17_LA_ATL,ATL,2025-12-29,0.1,0.09090909090909091,0.11320754716981132,0.09433962264150944,1.356507184132053,0.09090909090909091,0.14285714285714285,0.1076923076923077,0.07692307692307693,1.7278525525934794,0.019487530283271385,0.5455404805029749
2025_18_NO_ATL,ATL,2026-01-04,0.02702702702702703,0.043478260869565216,0.08333333333333333,0.08333333333333333,1.3094133605050282,0.08888888888888889,0.0,0.1323529411764706,0.08823529411764706,1.6270461896582484,0.3734420884970091,0.4979228328991416
2025_11_BAL_CLE,BAL,2025-11-16,0.03125,0.1111111111111111,0.11864406779661017,0.11864406779661017,1.8532280382809194,0.09090909090909091,0.17391304347826086,0.05357142857142857,0.125,1.1030768868376368,0.06390006280651446,0.4329826208799853
2025_12_NYJ_BAL,BAL,2025-11-23,0.0625,0.06896551724137931,0.16393442622950818,0.06557377049180328,1.2692671797206012,0.05714285714285714,0.0,0.11864406779661017,0.11864406779661017,1.36329314120501,0.3540651537834869,0.5946872502638018
2025_13_CIN_BAL,BAL,2025-11-27,0.075,0.10526315789473684,0.0847457627118644,0.11864406779661017,1.698170686445195,0.04081632653061224,0.11764705882352941,0.10843373493975904,0.04819277108433735,1.2466611448197733,0.08794067806081284,0.46689326315883045
2025_14_PIT_BAL,BAL,2025-12-07,0.06976744186046512,0.05714285714285714,0.11538461538461539,0.07692307692307693,1.3299927198668973,0.1388888888888889,0.0,0.17647058823529413,0.058823529411764705,1.4082854115898908,0.1940816012648768,0.5001833481561381
2025_15_BAL_CIN,BAL,2025-12-14,0.2222222222222222,0.3157894736842105,0.15789473684210525,0.10526315789473684,1.5078324068363613,0.0425531914893617,0.03571428571428571,0.07894736842105263,0.09210526315789473,1.815410866624269,0.10317186330443022,0.2651980977251256
2025_16_NE_BAL,BAL,2025-12-21,0.0,0.12903225806451613,0.14814814814814814,0.05555555555555555,1.287539418870701,0.16666666666666666,0.16666666666666666,0.1527777777777778,0.09722222222222222,1.4341901822240761,0.2979628674076229,0.2891468288012939
2025_17_BAL_GB,BAL,2025-12-27,0.0,0.11764705882352941,0.14666666666666667,0.02666666666666667,1.0793922170679602,0.17647058823529413,0.09090909090909091,0.2222222222222222,0.1111111111111111,1.8519488339179224,0.08048999682489938,0.3170892491734544
2025_18_BAL_PIT,BAL,2026-01-04,0.16666666666666666,0.11538461538461539,0.12,0.06,1.8678512597796653,0.07692307692307693,0.08695652173913043,0.13333333333333333,0.06666666666666667,1.2926008091375683,0.12983504026947995,0.4027455894414173
2025_11_TB_BUF,BUF,2025-11-16,0.22857142857142856,0.0,0.16071428571428573,0.05357142857142857,1.6189012692453009,0.05555555555555555,0.14705882352941177,0.12857142857142856,0.05714285714285714,1.425226820986231,0.6137636326593517,0.8502609169764248
2025_12_BUF_HOU,BUF,2025-11-20,0.08888888888888889,0.15,0.15384615384615385,0.1076923076923077,1.8074319830728283,0.058823529411764705,0.125,0.05172413793103448,0.06896551724137931,0.9992530803723891,0.3766377929566906,1.939835727720053
2025_13_BUF_PIT,BUF,2025-11-30,0.0,0.14893617021276595,0.10810810810810811,0.04054054054054054,1.2909815771545716,0.04,0.16666666666666666,0.06976744186046512,0.16279069767441862,1.7711121668344318,-0.20786372950302662,0.39579507593011287
2025_14_CIN_BUF,BUF,2025-12-07,0.1282051282051282,0.09090909090909091,0.19672131147540983,0.09836065573770492,1.7562258322904263,0.07317073170731707,0.0,0.2,0.03333333333333333,1.978753633280137,0.13358862917542372,0.23543594941588272
2025_15_BUF_NE,BUF,2025-12-14,0.05555555555555555,0.12903225806451613,0.16417910447761194,0.05970149253731343,1.2662090364124978,0.03333333333333333,0.18181818181818182,0.11538461538461539,0.07692307692307693,1.4424089692642437,0.4279140738271269,0.8861154952941728
2025_16_BUF_CLE,BUF,2025-12-21,0.043478260869565216,0.12,0.0625,0.08333333333333333,1.2490867642696726,0.05128205128205128,0.10714285714285714,0.08955223880597014,0.07462686567164178,1.4571933113146338,-0.168871528531057,0.6645016234294987
2025_17_PHI_BUF,BUF,2025-12-28,0.08888888888888889,0.1,0.12,0.08,1.5796323104720733,0.034482758620689655,0.08333333333333333,0.05660377358490566,0.0,0.911312077235032,-0.2407037907091691,0.5094385707371994
2025_18_NYJ_BUF,BUF,2026-01-04,0.125,0.15384615384615385,0.14084507042253522,0.056338028169014086,1.3674337560718186,0.0,0.0,0.06382978723404255,0.0425531914893617,1.0497658415670539,-0.0907780362144405,0.24254869123207384
2025_10_NO_CAR,CAR,2025-11-09,0.03333333333333333,0.043478260869565216,0.07547169811320754,0.1509433962264151,1.4272610508318118,0.125,0.09090909090909091,0.16923076923076924,0.06153846153846154,1.5961711530290064,0.4125107278281562,0.4255647290556364
2025_11_CAR_ATL,CAR,2025-11-16,0.16981132075471697,0.0,0.189873417721519,0.0759493670886076,1.4971080841592064,0.11428571428571428,0.0967741935483871,0.10606060606060606,0.06060606060606061,1.0036283405800535,0.2162212211091846,0.3494550271218074
2025_12_CAR_SF,CAR,2025-11-24,0.02702702702702703,0.2222222222222222,0.06521739130434782,0.10869565217391304,1.567765659621659,0.030303030303030304,0.08571428571428572,0.10294117647058823,0.058823529411764705,1.3005885480272878,0.14171980596147477,0.3479472181849104
2025_13_LA_CAR,CAR,2025-11-30,0.16666666666666666,0.05405405405405406,0.11475409836065574,0.01639344262295082,1.465680380426161,0.13333333333333333,0.19047619047619047,0.17647058823529413,0.0784313725490196,1.9510451924514978,0.14351902360812843,0.21616795274311587
2025_15_CAR_NO,CAR,2025-12-14,0.125,0.04,0.14035087719298245,0.03508771929824561,1.3468505047847112,0.0,0.043478260869565216,0.1044776119402985,0.08955223880597014,1.2667393100507653,0.09722194352371356,0.3667608117280142
2025_16_TB_CAR,CAR,2025-12-21,0.05555555555555555,0.23529411764705882,0.1320754716981132,0.03773584905660377,1.1760869463174135,0.09090909090909091,0.06666666666666667,0.12698412698412698,0.06349206349206349,1.1341587328922555,0.30711172895691313,0.4348952616245695
2025_17_SEA_CAR,CAR,2025-12-28,0.0,0.05555555555555555,0.08,0.14,1.485407427348246,0.0,0.14705882352941177,0.13846153846153847,0.07692307692307693,1.5393584240418676,0.1774001171914812,0.39304163700349787
2025_18_CAR_TB,CAR,2026-01-03,0.08333333333333333,0.0,0.16326530612244897,0.12244897959183673,1.696376542961744,0.10344827586206896,0.0,0.07462686567164178,0.014925373134328358,1.0462571725473757,0.2673872864718917,0.3282488490804508
2025_11_CHI_MIN,CHI,2025-11-16,0.05405405405405406,0.02631578947368421,0.06666666666666667,0.06666666666666667,1.0923658530292366,0.06060606060606061,0.09090909090909091,0.10909090909090909,0.16363636363636364,1.3912162776282686,-0.16966682276670528,1.0673263244758018
2025_12_PIT_CHI,CHI,2025-11-23,0.075,0.08695652173913043,0.09523809523809523,0.047619047619047616,1.4353611662397883,0.02702702702702703,0.05714285714285714,0.09722222222222222,0.05555555555555555,1.4076410114173024,-0.024506253646880766,0.5311603303250546
2025_13_CHI_PHI,CHI,2025-11-28,0.023809523809523808,0.13636363636363635,0.08139534883720931,0.06976744186046512,1.3100519001824205,0.08571428571428572,0.11764705882352941,0.11538461538461539,0.07692307692307693,1.3832517503808999,0.20075825880210316,0.625242103865928
2025_14_CHI_GB,CHI,2025-12-07,0.075,0.0,0.1,0.02857142857142857,0.9746489294607616,0.14814814814814814,0.16,0.1346153846153846,0.057692307692307696,1.4966606903672766,0.2922925995299544,0.6244262124426314
2025_15_CLE_CHI,CHI,2025-12-14,0.12121212121212122,0.125,0.13846153846153847,0.046153846153846156,1.1295932921453373,0.047619047619047616,0.0,0.07142857142857142,0.125,1.5969703179752108,0.3028316915095589,0.7081030590334769
2025_16_GB_CHI,CHI,2025-12-20,0.12195121951219512,0.13043478260869565,0.09375,0.03125,1.3450653264462094,0.12121212121212122,0.10810810810810811,0.12857142857142856,0.04285714285714286,1.4096123338938191,0.20149616960332084,0.38879278153496516
2025_17_CHI_SF,CHI,2025-12-28,0.13043478260869565,0.10526315789473684,0.18461538461538463,0.046153846153846156,1.3874949045230274,0.12195121951219512,0.16129032258064516,0.1527777777777778,0.041666666666666664,1.562876562511351,0.09120422766930351,0.28697353497867456
2025_18_DET_CHI,CHI,2026-01-04,0.05405405405405406,0.1111111111111111,0.10909090909090909,0.10909090909090909,1.2536668612047541,0.08888888888888889,0.03571428571428571,0.0821917808219178,0.0547945205479452,1.0901764476025004,0.03346476062304444,0.43707573749285755
2025_11_CIN_PIT,CIN,2025-11-16,0.047619047619047616,0.08695652173913043,0.13846153846153847,0.046153846153846156,1.8682199053429762,0.07894736842105263,0.07692307692307693,0.15625,0.03125,1.121725859660832,0.06889227286393923,0.2839186968084719
2025_12_NE_CIN,CIN,2025-11-23,0.0,0.125,0.047619047619047616,0.12698412698412698,1.4609404022070607,0.11904761904761904,0.03571428571428571,0.11428571428571428,0.08571428571428572,1.5951607186401695,0.038443126310421114,0.30888720320365387
2025_13_CIN_BAL,CIN,2025-11-27,0.04081632653061224,0.11764705882352941,0.10843373493975904,0.04819277108433735,1.2466611448197733,0.075,0.10526315789473684,0.0847457627118644,0.11864406779661017,1.698170686445195,0.2933884519361752,0.41938975958354086
2025_14_CIN_BUF,CIN,2025-12-07,0.07317073170731707,0.0,0.2,0.03333333333333333,1.978753633280137,0.1282051282051282,0.09090909090909091,0.19672131147540983,0.09836065573770492,1.7562258322904263,0.3023072528350017,0.3652789182085605
2025_15_BAL_CIN,CIN,2025-12-14,0.0425531914893617,0.03571428571428571,0.07894736842105263,0.09210526315789473,1.815410866624269,0.2222222222222222,0.3157894736842105,0.15789473684210525,0.10526315789473684,1.5078324068363613,-0.007107365747085876,0.3533854506396761
2025_16_CIN_MIA,CIN,2025-12-21,0.16666666666666666,0.08,0.19672131147540983,0.01639344262295082,1.1878069069134152,0.125,0.07407407407407407,0.15254237288135594,0.11864406779661017,1.51620924168737,0.3082457469450101,0.3426948071554325
2025_17_ARI_CIN,CIN,2025-12-28,0.09302325581395349,0.06666666666666667,0.136986301369863,0.0410958904109589,1.1438114583923418,0.045454545454545456,0.07692307692307693,0.12280701754385964,0.08771929824561403,1.3938855470509532,-0.13376937587282262,0.4401398310746838
2025_18_CLE_CIN,CIN,2026-01-04,0.06976744186046512,0.08,0.058823529411764705,0.07352941176470588,2.1112569519688313,0.03333333333333333,0.09090909090909091,0.057692307692307696,0.057692307692307696,1.1384058756075626,0.007360846859986755,0.5339529366123278
2025_11_BAL_CLE,CLE,2025-11-16,0.09090909090909091,0.17391304347826086,0.05357142857142857,0.125,1.1030768868376368,0.03125,0.1111111111111111,0.11864406779661017,0.11864406779661017,1.8532280382809194,0.5793952421507259,1.7825720695922358
2025_12_CLE_LV,CLE,2025-11-23,0.125,0.07692307692307693,0.1,0.04,1.789431305588629,0.03333333333333333,0.05263157894736842,0.05063291139240506,0.10126582278481013,1.3112395367837066,-0.33181548296913815,0.6481949337599162
2025_13_SF_CLE,CLE,2025-11-30,0.03125,0.03225806451612903,0.047619047619047616,0.09523809523809523,1.2051263354495367,0.05714285714285714,0.0,0.12121212121212122,0.030303030303030304,1.0711335330170446,-0.616409657898152,1.492556443807745
2025_14_TEN_CLE,CLE,2025-12-07,0.1,0.05263157894736842,0.13043478260869565,0.07246376811594203,1.7082882243283886,0.03333333333333333,0.05555555555555555,0.10606060606060606,0.06060606060606061,1.5284510590397635,-0.20412538287727192,1.0862620159405103
2025_15_CLE_CHI,CLE,2025-12-14,0.047619047619047616,0.0,0.07142857142857142,0.125,1.5969703179752108,0.12121212121212122,0.125,0.13846153846153847,0.046153846153846156,1.1295932921453373,-0.16540407260897785,0.4623240096822499
2025_16_BUF_CLE,CLE,2025-12-21,0.05128205128205128,0.10714285714285714,0.08955223880597014,0.07462686567164178,1.4571933113146338,0.043478260869565216,0.12,0.0625,0.08333333333333333,1.2490867642696726,0.3097756002907947,0.32503921829462806
2025_17_PIT_CLE,CLE,2025-12-28,0.06896551724137931,0.0,0.11764705882352941,0.058823529411764705,1.523682403076335,0.04878048780487805,0.17391304347826086,0.078125,0.109375,1.187636504286232,0.09631370109239164,0.40580009378636606
2025_18_CLE_CIN,CLE,2026-01-04,0.03333333333333333,0.09090909090909091,0.057692307692307696,0.057692307692307696,1.1384058756075626,0.06976744186046512,0.08,0.058823529411764705,0.07352941176470588,2.1112569519688313,-0.021680818637298194,0.42432980430687595
2025_11_DAL_LV,DAL,2025-11-17,0.08571428571428572,0.1111111111111111,0.11290322580645161,0.08064516129032258,1.4453666395111247,0.0392156862745098,0.125,0.06779661016949153,0.1016949152542373,1.3515669960238423,0.36142481119836983,0.7930317418295776
2025_12_PHI_DAL,DAL,2025-11-23,0.11363636363636363,0.11538461538461539,0.1267605633802817,0.1267605633802817,1.6492261271071424,0.0425531914893617,0.0,0.09523809523809523,0.047619047619047616,1.3151027400147177,0.840132819342054,1.8889456018735107
2025_13_KC_DAL,DAL,2025-11-27,0.043478260869565216,0.13043478260869565,0.18840579710144928,0.057971014492753624,1.4469517984278302,0.1111111111111111,0.1,0.13636363636363635,0.07575757575757576,1.3690116094792444,0.09780586082496026,0.3493360843866583
2025_14_DAL_DET,DAL,2025-12-04,0.1016949152542373,0.09090909090909091,0.13414634146341464,0.10975609756097561,1.531213933211975,0.1282051282051282,0.19047619047619047,0.18333333333333332,0.06666666666666667,1.3367134750369605,0.22722727538222678,0.28419656915051184
2025_15_MIN_DAL,DAL,2025-12-14,0.0975609756097561,0.13333333333333333,0.09859154929577464,0.056338028169014086,1.0732537942945268,0.14285714285714285,0.07692307692307693,0.14814814814814814,0.07407407407407407,1.6395687179172336,0.2107696335367545,0.6673443531280301
2025_16_LAC_DAL,DAL,2025-12-21,0.08108108108108109,0.0,0.10344827586206896,0.08620689655172414,1.5032342639006888,0.18181818181818182,0.10344827586206896,0.15873015873015872,0.015873015873015872,1.1898720353328458,-0.02559570393518882,0.36268521685235366
2025_17_DAL_WAS,DAL,2025-12-25,0.08163265306122448,0.046511627906976744,0.14130434782608695,0.021739130434782608,1.3939913533193489,0.07407407407407407,0.25,0.16279069767441862,0.11627906976744186,1.4860259950103154,0.06148268224949418,0.5631713137363034
2025_18_DAL_NYG,DAL,2026-01-04,0.07407407407407407,0.18518518518518517,0.09259259259259259,0.07407407407407407,1.6030643210364743,0.06666666666666667,0.16666666666666666,0.10666666666666667,0.02666666666666667,1.3162656942317752,0.28074811736353794,1.1815804135870656
2025_10_LV_DEN,DEN,2025-11-06,0.030303030303030304,0.038461538461538464,0.03389830508474576,0.05084745762711865,1.1528879329110546,0.05405405405405406,0.043478260869565216,0.1,0.13333333333333333,1.363143156480246,-0.14483786568884294,1.0845326615118989
2025_11_KC_DEN,DEN,2025-11-16,0.12195121951219512,0.0,0.09836065573770492,0.06557377049180328,1.1247139188111241,0.03571428571428571,0.07142857142857142,0.1,0.02857142857142857,1.3367296652230436,0.3167694603922961,0.4548752077196442
2025_13_DEN_WAS,DEN,2025-11-30,0.08163265306122448,0.09523809523809523,0.15714285714285714,0.04285714285714286,1.2751973816814972,0.05084745762711865,0.13333333333333333,0.11235955056179775,0.06741573033707865,1.4262066085866416,-0.028673728688942652,0.3493530633576669
2025_14_DEN_LV,DEN,2025-12-07,0.0,0.12903225806451613,0.10810810810810811,0.04054054054054054,0.9908290938826639,0.05128205128205128,0.0,0.1,0.1,1.2824254899418355,0.048103433061640395,0.7227808863910397
2025_15_GB_DEN,DEN,2025-12-14,0.13157894736842105,0.0,0.15151515151515152,0.045454545454545456,1.455903949755702,0.10416666666666667,0.1111111111111111,0.15151515151515152,0.10606060606060606,1.4606861286623996,0.28081843262563677,0.274381134454286
2025_16_JAX_DEN,DEN,2025-12-21,0.1,0.1875,0.13636363636363635,0.10606060606060606,1.4016758211986582,0.13333333333333333,0.08,0.14285714285714285,0.04285714285714286,1.2749597048641232,0.046079418010873834,0.3910425084889141
2025_17_DEN_KC,DEN,2025-12-25,0.022222222222222223,0.07692307692307693,0.08450704225352113,0.04225352112676056,0.9471794147452359,0.0,0.11764705882352941,0.09523809523809523,0.11904761904761904,1.0125800063077581,-0.040113896804408244,0.7231501426905473
2025_18_LAC_DEN,DEN,2026-01-04,0.058823529411764705,0.08695652173913043,0.07017543859649122,0.08771929824561403,1.0527448278054037,0.019230769230769232,0.0625,0.07352941176470588,0.10294117647058823,1.468054660940958,0.06746806608706482,0.4875584120086354
2025_11_DET_PHI,DET,2025-11-16,0.1282051282051282,0.1,0.0847457627118644,0.1864406779661017,1.6907857169563125,0.029411764705882353,0.10810810810810811,0.08450704225352113,0.09859154929577464,1.1486967095121121,0.07752088454319475,0.6155000425645492
2025_12_NYG_DET,DET,2025-11-23,0.10869565217391304,0.19047619047619047,0.11940298507462686,0.08955223880597014,1.4958591577959008,0.23255813953488372,0.07894736842105263,0.19753086419753085,0.07407407407407407,1.590482593152443,0.1289849988684581,0.31573154565850603
2025_13_GB_DET,DET,2025-11-27,0.1875,0.12903225806451613,0.1746031746031746,0.09523809523809523,1.39639875766512,0.11764705882352941,0.12,0.15254237288135594,0.0,1.3403483161393093,0.19947044870510303,0.27617106005990705
2025_14_DAL_DET,DET,2025-12-04,0.1282051282051282,0.19047619047619047,0.18333333333333332,0.06666666666666667,1.3367134750369605,0.1016949152542373,0.09090909090909091,0.13414634146341464,0.10975609756097561,1.531213933211975,0.33853605728817626,0.5372658559469093
2025_15_DET_LA,DET,2025-12-14,0.13953488372093023,0.047619047619047616,0.171875,0.03125,1.3539062082316526,0.16279069767441862,0.10714285714285714,0.16666666666666666,0.06944444444444445,1.62572953563019,0.16799172357479764,0.3235346522012112
2025_16_PIT_DET,DET,2025-12-21,0.0967741935483871,0.09090909090909091,0.136986301369863,0.0547945205479452,1.3403545489602755,0.04081632653061224,0.28,0.14864864864864866,0.02702702702702703,1.5310695840613624,0.1000804273794928,0.43987010334968324
2025_17_DET_MIN,DET,2025-12-25,0.08823529411764706,0.0,0.09375,0.1875,1.8895099383036653,0.0,0.07692307692307693,0.037037037037037035,0.09259259259259259,1.227116089563693,0.2710586635630694,0.5997588286520957
2025_18_DET_CHI,DET,2026-01-04,0.08888888888888889,0.03571428571428571,0.0821917808219178,0.0547945205479452,1.0901764476025004,0.05405405405405406,0.1111111111111111,0.10909090909090909,0.10909090909090909,1.2536668612047541,0.04603459765357706,0.26649177439316485
2025_11_GB_NYG,GB,2025-11-16,0.09375,0.17391304347826086,0.18181818181818182,0.01818181818181818,1.1451852964236986,0.12121212121212122,0.05263157894736842,0.14084507042253522,0.056338028169014086,1.2626396665421757,0.004716223726374439,0.5589867401883919
2025_12_MIN_GB,GB,2025-11-23,0.0,0.1282051282051282,0.09375,0.0625,0.9573739392751022,0.0,0.10526315789473684,0.022727272727272728,0.11363636363636363,1.226372490279815,0.8363539046065824,2.0053273292741727
2025_13_GB_DET,GB,2025-11-27,0.11764705882352941,0.12,0.15254237288135594,0.0,1.3403483161393093,0.1875,0.12903225806451613,0.1746031746031746,0.09523809523809523,1.39639875766512,0.001253012449416941,0.31239216983582224
2025_14_CHI_GB,GB,2025-12-07,0.14814814814814814,0.16,0.1346153846153846,0.057692307692307696,1.4966606903672766,0.075,0.0,0.1,0.02857142857142857,0.9746489294607616,0.32767222286704856,0.2948702389717636
2025_15_GB_DEN,GB,2025-12-14,0.10416666666666667,0.1111111111111111,0.15151515151515152,0.10606060606060606,1.4606861286623996,0.13157894736842105,0.0,0.15151515151515152,0.045454545454545456,1.455903949755702,0.05858098188776268,0.46712760623778754
2025_16_GB_CHI,GB,2025-12-20,0.12121212121212122,0.10810810810810811,0.12857142857142856,0.04285714285714286,1.4096123338938191,0.12195121951219512,0.13043478260869565,0.09375,0.03125,1.3450653264462094,-0.011472177892985411,1.3993469582749394
2025_17_BAL_GB,GB,2025-12-27,0.17647058823529413,0.09090909090909091,0.2222222222222222,0.1111111111111111,1.8519488339179224,0.0,0.11764705882352941,0.14666666666666667,0.02666666666666667,1.0793922170679602,0.09538690177129777,0.1715962629970844
2025_18_GB_MIN,GB,2026-01-04,0.0,0.09375,0.04,0.12,0.9629103999776387,0.05555555555555555,0.16129032258064516,0.07462686567164178,0.08955223880597014,1.3685809344391888,0.24603225373161527,0.4745649340702956
2025_11_HOU_TEN,HOU,2025-11-16,0.041666666666666664,0.045454545454545456,0.08571428571428572,0.05714285714285714,1.1507104785551665,0.044444444444444446,0.0,0.1016949152542373,0.1016949152542373,1.2786085357109218,0.10951487051648531,0.5334909937393073
2025_12_BUF_HOU,HOU,2025-11-20,0.058823529411764705,0.125,0.05172413793103448,0.06896551724137931,0.9992530803723891,0.08888888888888889,0.15,0.15384615384615385,0.1076923076923077,1.8074319830728283,0.1395952465389256,0.6435740385287463
2025_13_HOU_IND,HOU,2025-11-30,0.0975609756097561,0.05714285714285714,0.11842105263157894,0.06578947368421052,1.2194986261294483,0.0967741935483871,0.17391304347826086,0.12962962962962962,0.09259259259259259,1.485747256483041,0.10397435671774016,0.2601066768002416
2025_14_HOU_KC,HOU,2025-12-07,0.05128205128205128,0.0,0.08571428571428572,0.02857142857142857,1.1117057363253908,0.07317073170731707,0.0,0.07936507936507936,0.15873015873015872,1.2411939144977717,-0.08032336839368028,0.4357786351582609
2025_15_ARI_HOU,HOU,2025-12-14,0.06060606060606061,0.12903225806451613,0.125,0.046875,1.2202689938988693,0.06521739130434782,0.0,0.13636363636363635,0.06060606060606061,1.2719073489341892,0.5603324644967426,1.0198216016277104
2025_16_LV_HOU,HOU,2025-12-21,0.05,0.17391304347826086,0.09523809523809523,0.1111111111111111,1.1747977627006152,0.07407407407407407,0.037037037037037035,0.12962962962962962,0.09259259259259259,1.8890418928730996,0.15901591736320947,0.4037115898779212
2025_17_HOU_LAC,HOU,2025-12-27,0.1,0.0625,0.0967741935483871,0.08064516129032258,1.5424819457531067,0.08695652173913043,0.0,0.12698412698412698,0.1111111111111111,1.465556351173389,-0.004682393670145668,0.26674968134906535
2025_18_IND_HOU,HOU,2026-01-04,0.08333333333333333,0.03225806451612903,0.05970149253731343,0.07462686567164178,0.9808533305697228,0.10256410256410256,0.0,0.15151515151515152,0.07575757575757576,1.9531756129994335,0.1796606613168387,0.5425239099284831
2025_10_ATL_IND,IND,2025-11-09,0.11904761904761904,0.17142857142857143,0.15584415584415584,0.06493506493506493,1.5341445925044335,0.058823529411764705,0.17857142857142858,0.0967741935483871,0.08064516129032258,1.2708341499846085,0.2818453919041394,1.034395898980364
2025_12_IND_KC,IND,2025-11-23,0.058823529411764705,0.0625,0.12,0.04,1.1186279607397829,0.06779661016949153,0.05405405405405406,0.08333333333333333,0.0625,1.3005692723507585,0.2248321831493203,0.24343355797308489
2025_13_HOU_IND,IND,2025-11-30,0.0967741935483871,0.17391304347826086,0.12962962962962962,0.09259259259259259,1.485747256483041,0.0975609756097561,0.05714285714285714,0.11842105263157894,0.06578947368421052,1.2194986261294483,-0.19694159216326546,0.4789764485648191
2025_14_IND_JAX,IND,2025-12-07,0.043478260869565216,0.043478260869565216,0.13043478260869565,0.08695652173913043,1.4528096110825572,0.11764705882352941,0.07407407407407407,0.14754098360655737,0.03278688524590164,1.4917764148497459,0.1771661589984966,0.30726519105228667
2025_15_IND_SEA,IND,2025-12-14,0.0,0.03225806451612903,0.08333333333333333,0.05,1.0239313821708125,0.07894736842105263,0.0,0.07017543859649122,0.08771929824561403,1.0346201159474768,0.28096333799844514,0.4182970905954351
2025_16_SF_IND,IND,2025-12-22,0.05,0.0,0.13333333333333333,0.08333333333333333,1.854965489891502,0.1388888888888889,0.14814814814814814,0.20634920634920634,0.015873015873015872,1.2774042517661797,-0.3135782645598855,1.6652380287621866
2025_17_JAX_IND,IND,2025-12-28,0.0,0.045454545454545456,0.07017543859649122,0.10526315789473684,1.2858577888986138,0.09302325581395349,0.15384615384615385,0.17391304347826086,0.057971014492753624,1.515366638559488,0.33493230851896133,0.9275775471507427
2025_18_IND_HOU,IND,2026-01-04,0.10256410256410256,0.0,0.15151515151515152,0.07575757575757576,1.9531756129994335,0.08333333333333333,0.03225806451612903,0.05970149253731343,0.07462686567164178,0.9808533305697228,0.02596151266084022,0.5237399420005847
2025_11_LAC_JAX,JAX,2025-11-16,0.038461538461538464,0.1111111111111111,0.11267605633802817,0.056338028169014086,1.3205901540080835,0.058823529411764705,0.0,0.041666666666666664,0.10416666666666667,1.359627356447221,0.21816917547254572,0.29940657807619375
2025_12_JAX_ARI,JAX,2025-11-23,0.1111111111111111,0.04,0.18032786885245902,0.11475409836065574,1.8593026154158336,0.03076923076923077,0.05263157894736842,0.03571428571428571,0.09523809523809523,1.1060922831715159,0.2471389212048482,0.4572459673424004
2025_13_JAX_TEN,JAX,2025-11-30,0.08571428571428572,0.0,0.13333333333333333,0.06666666666666667,1.2324768213154829,0.0,0.23076923076923078,0.06779661016949153,0.11864406779661017,1.1659361503571146,-0.38430881294655567,0.5970738130395161
2025_14_IND_JAX,JAX,2025-12-07,0.11764705882352941,0.07407407407407407,0.14754098360655737,0.03278688524590164,1.4917764148497459,0.043478260869565216,0.043478260869565216,0.13043478260869565,0.08695652173913043,1.4528096110825572,0.24510729923645827,0.8042385248803916
2025_15_NYJ_JAX,JAX,2025-12-14,0.1794871794871795,0.0,0.15254237288135594,0.05084745762711865,1.5634990097639514,0.04878048780487805,0.07407407407407407,0.11764705882352941,0.11764705882352941,1.518552052541225,0.45417263874889324,0.6471530226129364
2025_16_JAX_DEN,JAX,2025-12-21,0.13333333333333333,0.08,0.14285714285714285,0.04285714285714286,1.2749597048641232,0.1,0.1875,0.13636363636363635,0.10606060606060606,1.4016758211986582,0.21478239351820144,0.42245023374497276
2025_17_JAX_IND,JAX,2025-12-28,0.09302325581395349,0.15384615384615385,0.17391304347826086,0.057971014492753624,1.515366638559488,0.0,0.045454545454545456,0.07017543859649122,0.10526315789473684,1.2858577888986138,0.23346765362083258,0.39617609078682936
2025_18_TEN_JAX,JAX,2026-01-04,0.10256410256410256,0.10526315789473684,0.1896551724137931,0.05172413793103448,1.158443451641853,0.05555555555555555,0.05555555555555555,0.07407407407407407,0.09259259259259259,1.5107864548950425,0.24514106738378652,0.25891954531535644
2025_11_KC_DEN,KC,2025-11-16,0.03571428571428571,0.07142857142857142,0.1,0.02857142857142857,1.3367296652230436,0.12195121951219512,0.0,0.09836065573770492,0.06557377049180328,1.1247139188111241,-0.3265243381197878,1.354530563947125
2025_12_IND_KC,KC,2025-11-23,0.06779661016949153,0.05405405405405406,0.08333333333333333,0.0625,1.3005692723507585,0.058823529411764705,0.0625,0.12,0.04,1.1186279607397829,-0.39598320523509756,0.5615330542463595
2025_13_KC_DAL,KC,2025-11-27,0.1111111111111111,0.1,0.13636363636363635,0.07575757575757576,1.3690116094792444,0.043478260869565216,0.13043478260869565,0.18840579710144928,0.057971014492753624,1.4469517984278302,0.16844965381048332,0.47354288368638436
2025_14_HOU_KC,KC,2025-12-07,0.07317073170731707,0.0,0.07936507936507936,0.15873015873015872,1.2411939144977717,0.05128205128205128,0.0,0.08571428571428572,0.02857142857142857,1.1117057363253908,0.14765265657775548,0.313237545057196
2025_15_LAC_KC,KC,2025-12-14,0.07142857142857142,0.0,0.08196721311475409,0.08196721311475409,1.149282953131602,0.05714285714285714,0.03333333333333333,0.07692307692307693,0.06153846153846154,1.177997278318374,0.3573928130689261,0.3243249099666567
2025_16_KC_TEN,KC,2025-12-21,0.06060606060606061,0.0,0.044444444444444446,0.1111111111111111,1.000838064571571,0.125,0.1282051282051282,0.1267605633802817,0.08450704225352113,1.2764127105778729,0.04173675731872208,0.6440075188535062
2025_17_DEN_KC,KC,2025-12-25,0.0,0.11764705882352941,0.09523809523809523,0.11904761904761904,1.0125800063077581,0.022222222222222223,0.07692307692307693,0.08450704225352113,0.04225352112676056,0.9471794147452359,0.24509900676241225,0.306642385570791
2025_18_KC_LV,KC,2026-01-04,0.023809523809523808,0.09090909090909091,0.046875,0.078125,1.329139082838852,0.0625,0.06451612903225806,0.047619047619047616,0.12698412698412698,1.2493551197559774,0.11286485968263481,0.5315980795933339
2025_11_SEA_LA,LA,2025-11-16,0.03571428571428571,0.17391304347826086,0.13725490196078433,0.0784313725490196,1.4928113014348348,0.0625,0.05555555555555555,0.07142857142857142,0.08333333333333333,1.5552151184897836,-0.1642180292355646,0.7071481160772548
2025_12_TB_LA,LA,2025-11-23,0.08108108108108109,0.05263157894736842,0.125,0.07142857142857142,1.2823204855207622,0.022222222222222223,0.08,0.08571428571428572,0.08571428571428572,1.6083048254928887,-0.1596297923104529,0.9967181774994831
2025_13_LA_CAR,LA,2025-11-30,0.13333333333333333,0.19047619047619047,0.17647058823529413,0.0784313725490196,1.9510451924514978,0.16666666666666666,0.05405405405405406,0.11475409836065574,0.01639344262295082,1.465680380426161,0.4500671236259178,0.8338517464724372
2025_14_LA_ARI,LA,2025-12-07,0.15151515151515152,0.17647058823529413,0.13432835820895522,0.014925373134328358,1.1501844528167882,0.08,0.0,0.0967741935483871,0.04838709677419355,1.1910269407751293,0.06836850338343183,0.366128570094311
2025_15_DET_LA,LA,2025-12-14,0.16279069767441862,0.10714285714285714,0.16666666666666666,0.06944444444444445,1.62572953563019,0.13953488372093023,0.047619047619047616,0.171875,0.03125,1.3539062082316526,0.045780851702322115,0.37039188094435854
2025_16_LA_SEA,LA,2025-12-18,0.1320754716981132,0.0,0.11956521739130435,0.03260869565217391,1.3678567670166994,0.11363636363636363,0.13043478260869565,0.13432835820895522,0.05970149253731343,1.648841969915524,-0.4429521414649346,1.3615575274950171
2025_17_LA_ATL,LA,2025-12-29,0.09090909090909091,0.14285714285714285,0.1076923076923077,0.07692307692307693,1.7278525525934794,0.1,0.09090909090909091,0.11320754716981132,0.09433962264150944,1.356507184132053,0.19429799796789002,0.4288443879727883
2025_18_ARI_LA,LA,2026-01-04,0.09523809523809523,0.17857142857142858,0.09859154929577464,0.04225352112676056,1.053482052801806,0.11904761904761904,0.14285714285714285,0.125,0.08928571428571429,1.4513955911418146,0.13682709829107081,0.18919164908455577
2025_10_PIT_LAC,LAC,2025-11-09,0.023809523809523808,0.13333333333333333,0.08333333333333333,0.06944444444444445,1.2401077183260991,0.02857142857142857,0.11764705882352941,0.038461538461538464,0.11538461538461539,1.4433667087461186,0.5133354860206018,1.354725137699227
2025_11_LAC_JAX,LAC,2025-11-16,0.058823529411764705,0.0,0.041666666666666664,0.10416666666666667,1.359627356447221,0.038461538461538464,0.1111111111111111,0.11267605633802817,0.056338028169014086,1.3205901540080835,0.11841837463143748,0.3929114046983168
2025_13_LV_LAC,LAC,2025-11-30,0.03571428571428571,0.05405405405405406,0.2,0.046153846153846156,1.4401052875748306,0.06666666666666667,0.0,0.14893617021276595,0.1702127659574468,1.4511408253263844,0.22280461725401157,0.2599033534016341
2025_14_PHI_LAC,LAC,2025-12-08,0.023255813953488372,0.12903225806451613,0.05405405405405406,0.10810810810810811,1.313921981065943,0.06382978723404255,0.17391304347826086,0.12857142857142856,0.11428571428571428,1.8077478176767332,0.022051620333106224,0.4821634681203696
2025_15_LAC_KC,LAC,2025-12-14,0.05714285714285714,0.03333333333333333,0.07692307692307693,0.06153846153846154,1.177997278318374,0.07142857142857142,0.0,0.08196721311475409,0.08196721311475409,1.149282953131602,0.06925210154770021,0.3578158170463292
2025_16_LAC_DAL,LAC,2025-12-21,0.18181818181818182,0.10344827586206896,0.15873015873015872,0.015873015873015872,1.1898720353328458,0.08108108108108109,0.0,0.10344827586206896,0.08620689655172414,1.5032342639006888,-0.07120741030394538,0.37317679657023556
2025_17_HOU_LAC,LAC,2025-12-27,0.08695652173913043,0.0,0.12698412698412698,0.1111111111111111,1.465556351173389,0.1,0.0625,0.0967741935483871,0.08064516129032258,1.5424819457531067,-0.11657361349428544,0.6290257933861138
2025_18_LAC_DEN,LAC,2026-01-04,0.019230769230769232,0.0625,0.07352941176470588,0.10294117647058823,1.468054660940958,0.058823529411764705,0.08695652173913043,0.07017543859649122,0.08771929824561403,1.0527448278054037,0.1483472105061922,0.49807473074089526
2025_11_DAL_LV,LV,2025-11-17,0.0392156862745098,0.125,0.06779661016949153,0.1016949152542373,1.3515669960238423,0.08571428571428572,0.1111111111111111,0.11290322580645161,0.08064516129032258,1.4453666395111247,0.07838437440242847,0.3467841964145981
2025_12_CLE_LV,LV,2025-11-23,0.03333333333333333,0.05263157894736842,0.05063291139240506,0.10126582278481013,1.3112395367837066,0.125,0.07692307692307693,0.1,0.04,1.789431305588629,-0.23605316463660816,0.9880512908907028
2025_13_LV_LAC,LV,2025-11-30,0.06666666666666667,0.0,0.14893617021276595,0.1702127659574468,1.4511408253263844,0.03571428571428571,0.05405405405405406,0.2,0.046153846153846156,1.4401052875748306,0.16783869820485894,0.4312212237761039
2025_14_DEN_LV,LV,2025-12-07,0.05128205128205128,0.0,0.1,0.1,1.2824254899418355,0.0,0.12903225806451613,0.10810810810810811,0.04054054054054054,0.9908290938826639,-0.13561465694762306,1.5437866379171146
2025_15_LV_PHI,LV,2025-12-14,0.0,0.08333333333333333,0.023809523809523808,0.11904761904761904,1.1211480137662648,0.125,0.08888888888888889,0.15942028985507245,0.043478260869565216,1.2457748834296611,0.16814637985292144,0.45790049251123127
2025_16_LV_HOU,LV,2025-12-21,0.07407407407407407,0.037037037037037035,0.12962962962962962,0.09259259259259259,1.8890418928730996,0.05,0.17391304347826086,0.09523809523809523,0.1111111111111111,1.1747977627006152,-0.08270073136949108,0.34146231395030524
2025_17_NYG_LV,LV,2025-12-28,0.02631578947368421,0.15,0.1206896551724138,0.13793103448275862,1.8370727189336673,0.05714285714285714,0.2,0.14754098360655737,0.03278688524590164,1.0721887968440014,0.2820794244589866,0.5236088870659641
2025_18_KC_LV,LV,2026-01-04,0.0625,0.06451612903225806,0.047619047619047616,0.12698412698412698,1.2493551197559774,0.023809523809523808,0.09090909090909091,0.046875,0.078125,1.329139082838852,-0.19481744639051612,1.709849151921949
2025_10_BUF_MIA,MIA,2025-11-09,0.14285714285714285,0.2,0.1568627450980392,0.0,1.5180805589393909,0.14583333333333334,0.1,0.10294117647058823,0.07352941176470588,1.5259959901849285,0.17708623043748464,0.8564102769902393
2025_11_WAS_MIA,MIA,2025-11-16,0.08333333333333333,0.22580645161290322,0.07142857142857142,0.08928571428571429,1.197147216779653,0.11428571428571428,0.125,0.08955223880597014,0.07462686567164178,1.330161107721407,0.9476646114369617,1.8778689666736361
2025_13_NO_MIA,MIA,2025-11-30,0.10714285714285714,0.10714285714285714,0.08928571428571429,0.07142857142857142,1.2162803166780245,0.0,0.0,0.05555555555555555,0.09722222222222222,1.353089933364525,0.002701549459398588,0.7968241634209109
2025_14_MIA_NYJ,MIA,2025-12-07,0.09090909090909091,0.2,0.15873015873015872,0.031746031746031744,1.04612678767162,0.023809523809523808,0.11764705882352941,0.05084745762711865,0.15254237288135594,1.498737651402502,-0.32734660285759354,1.504034002040448
2025_15_MIA_PIT,MIA,2025-12-15,0.11428571428571428,0.06666666666666667,0.08,0.1,1.300779586355677,0.09375,0.058823529411764705,0.16666666666666666,0.07575757575757576,1.3250588687798093,0.30903410006107557,0.6807299750467753
2025_16_CIN_MIA,MIA,2025-12-21,0.125,0.07407407407407407,0.15254237288135594,0.11864406779661017,1.51620924168737,0.16666666666666666,0.08,0.19672131147540983,0.01639344262295082,1.1878069069134152,0.08194341694966226,0.566889046266466
2025_17_TB_MIA,MIA,2025-12-28,0.11538461538461539,0.14285714285714285,0.09259259259259259,0.05555555555555555,1.3821233533670574,0.05555555555555555,0.07692307692307693,0.13432835820895522,0.07462686567164178,1.4872754961889276,0.3478102533026002,0.6669678177419355
2025_18_MIA_NE,MIA,2026-01-04,0.06451612903225806,0.04,0.07142857142857142,0.125,1.5875949639223128,0.13333333333333333,0.14814814814814814,0.19298245614035087,0.03508771929824561,1.2330066442381673,0.00854957194067163,0.5313814021897014
2025_11_CHI_MIN,MIN,2025-11-16,0.06060606060606061,0.09090909090909091,0.10909090909090909,0.16363636363636364,1.3912162776282686,0.05405405405405406,0.02631578947368421,0.06666666666666667,0.06666666666666667,1.0923658530292366,-0.19287360043127025,0.26542329226717476
2025_12_MIN_GB,MIN,2025-11-23,0.0,0.10526315789473684,0.022727272727272728,0.11363636363636363,1.226372490279815,0.0,0.1282051282051282,0.09375,0.0625,0.9573739392751022,0.3359331185580231,0.44550026160337797
2025_13_MIN_SEA,MIN,2025-11-30,0.02857142857142857,0.125,0.0784313725490196,0.13725490196078433,1.8922381553849084,0.03125,0.05714285714285714,0.05970149253731343,0.05970149253731343,1.2088717080043467,0.13904036818469953,0.6041013557852482
2025_14_WAS_MIN,MIN,2025-12-07,0.06666666666666667,0.10344827586206896,0.15,0.05,1.1271695685891783,0.029411764705882353,0.16666666666666666,0.07692307692307693,0.11538461538461539,1.7328457073106056,0.11959218346490497,0.36000914421715
2025_15_MIN_DAL,MIN,2025-12-14,0.14285714285714285,0.07692307692307693,0.14814814814814814,0.07407407407407407,1.6395687179172336,0.0975609756097561,0.13333333333333333,0.09859154929577464,0.056338028169014086,1.0732537942945268,0.24322228394010517,0.4847725635264794
2025_16_MIN_NYG,MIN,2025-12-21,0.06451612903225806,0.037037037037037035,0.08620689655172414,0.10344827586206896,1.664692550783899,0.0,0.06451612903225806,0.05357142857142857,0.07142857142857142,1.1894697196646076,-0.07091193160392224,0.711558616074147
2025_17_DET_MIN,MIN,2025-12-25,0.0,0.07692307692307693,0.037037037037037035,0.09259259259259259,1.227116089563693,0.08823529411764706,0.0,0.09375,0.1875,1.8895099383036653,-0.11061833449121339,0.3278852746356569
2025_18_GB_MIN,MIN,2026-01-04,0.05555555555555555,0.16129032258064516,0.07462686567164178,0.08955223880597014,1.3685809344391888,0.0,0.09375,0.04,0.12,0.9629103999776387,-0.02629749745602028,0.2552597827573461
2025_10_NE_TB,NE,2025-11-09,0.07894736842105263,0.13636363636363635,0.16666666666666666,0.06666666666666667,1.9409008866656157,0.0851063829787234,0.22727272727272727,0.08695652173913043,0.057971014492753624,1.1290563886268947,0.14340378139931648,0.45003014033342004
2025_11_NYJ_NE,NE,2025-11-13,0.125,0.0,0.140625,0.015625,1.073747925396772,0.030303030303030304,0.08333333333333333,0.10526315789473684,0.07017543859649122,1.3104129412684826,0.1926820558423221,0.4884169173064115
2025_12_NE_CIN,NE,2025-11-23,0.11904761904761904,0.03571428571428571,0.11428571428571428,0.08571428571428572,1.5951607186401695,0.0,0.125,0.047619047619047616,0.12698412698412698,1.4609404022070607,0.12976603339133963,0.3591010886408291
2025_13_NYG_NE,NE,2025-12-01,0.10810810810810811,0.12,0.1111111111111111,0.047619047619047616,1.2284241205057047,0.030303030303030304,0.08695652173913043,0.05357142857142857,0.05357142857142857,1.2274877254276955,-0.10430027843338402,0.9772564316765442
2025_15_BUF_NE,NE,2025-12-14,0.03333333333333333,0.18181818181818182,0.11538461538461539,0.07692307692307693,1.4424089692642437,0.05555555555555555,0.12903225806451613,0.16417910447761194,0.05970149253731343,1.2662090364124978,0.15346654057250506,0.33852890119317575
2025_16_NE_BAL,NE,2025-12-21,0.16666666666666666,0.16666666666666666,0.1527777777777778,0.09722222222222222,1.4341901822240761,0.0,0.12903225806451613,0.14814814814814814,0.05555555555555555,1.287539418870701,0.13955189200728146,0.31920541044868567
2025_17_NE_NYJ,NE,2025-12-28,0.1875,0.15625,0.203125,0.03125,1.2375477379173083,0.027777777777777776,0.14285714285714285,0.078125,0.125,1.3105011978236492,0.11838626391971366,0.33078800443029666
2025_18_MIA_NE,NE,2026-01-04,0.13333333333333333,0.14814814814814814,0.19298245614035087,0.03508771929824561,1.2330066442381673,0.06451612903225806,0.04,0.07142857142857142,0.125,1.5875949639223128,0.2305148597584223,0.3422267050097852
2025_10_NO_CAR,NO,2025-11-09,0.125,0.09090909090909091,0.16923076923076924,0.06153846153846154,1.5961711530290064,0.03333333333333333,0.043478260869565216,0.07547169811320754,0.1509433962264151,1.4272610508318118,0.005219211529171486,0.4158741322700748
2025_12_ATL_NO,NO,2025-11-23,0.0,0.038461538461538464,0.0625,0.0875,1.2782267564859378,0.11538461538461539,0.10714285714285714,0.12962962962962962,0.1111111111111111,1.7153185681046879,0.2918822838500168,1.3474055251917336
2025_13_NO_MIA,NO,2025-11-30,0.0,0.0,0.05555555555555555,0.09722222222222222,1.353089933364525,0.10714285714285714,0.10714285714285714,0.08928571428571429,0.07142857142857142,1.2162803166780245,0.07200467025607148,0.4768923713362835
2025_14_NO_TB,NO,2025-12-07,0.0,0.1,0.16071428571428573,0.07142857142857142,1.3098267645132813,0.05128205128205128,0.11428571428571428,0.0945945945945946,0.0945945945945946,1.3472088158653195,0.3317460875433144,0.7685138622828093
2025_15_CAR_NO,NO,2025-12-14,0.0,0.043478260869565216,0.1044776119402985,0.08955223880597014,1.2667393100507653,0.125,0.04,0.14035087719298245,0.03508771929824561,1.3468505047847112,-0.087522068213235,0.3766212526476345
2025_16_NYJ_NO,NO,2025-12-21,0.07272727272727272,0.043478260869565216,0.11538461538461539,0.05128205128205128,1.3627676084119333,0.044444444444444446,0.0,0.06060606060606061,0.12121212121212122,1.2649943161370487,0.1720380390962041,0.4032054834452517
2025_17_NO_TEN,NO,2025-12-28,0.18181818181818182,0.1,0.16981132075471697,0.05660377358490566,1.5471554550036541,0.0851063829787234,0.07407407407407407,0.10810810810810811,0.0945945945945946,1.7213002749828576,-0.1716855664166395,0.5484664501149467
2025_18_NO_ATL,NO,2026-01-04,0.08888888888888889,0.0,0.1323529411764706,0.08823529411764706,1.6270461896582484,0.02702702702702703,0.043478260869565216,0.08333333333333333,0.08333333333333333,1.3094133605050282,-0.18350357748473753,1.0951560136312508
2025_10_NYG_CHI,NYG,2025-11-09,0.1111111111111111,0.21428571428571427,0.1643835616438356,0.0958904109589041,1.3902309828604702,0.1111111111111111,0.14285714285714285,0.16666666666666666,0.10606060606060606,1.2959644539229784,0.07929743014694149,0.696546704184013
2025_11_GB_NYG,NYG,2025-11-16,0.12121212121212122,0.05263157894736842,0.14084507042253522,0.056338028169014086,1.2626396665421757,0.09375,0.17391304347826086,0.18181818181818182,0.01818181818181818,1.1451852964236986,0.12886694968391707,0.3685834684817479
2025_12_NYG_DET,NYG,2025-11-23,0.23255813953488372,0.07894736842105263,0.19753086419753085,0.07407407407407407,1.590482593152443,0.10869565217391304,0.19047619047619047,0.11940298507462686,0.08955223880597014,1.4958591577959008,-0.06080527579566125,0.40867956448076853
2025_13_NYG_NE,NYG,2025-12-01,0.030303030303030304,0.08695652173913043,0.05357142857142857,0.05357142857142857,1.2274877254276955,0.10810810810810811,0.12,0.1111111111111111,0.047619047619047616,1.2284241205057047,-0.8124644015781856,2.1953299791978904
2025_15_WAS_NYG,NYG,2025-12-14,0.06666666666666667,0.08695652173913043,0.08823529411764706,0.10294117647058823,1.3040128508250328,0.10714285714285714,0.13333333333333333,0.06896551724137931,0.08620689655172414,1.4595240013884965,-0.5762823271830321,1.824444498517868
2025_16_MIN_NYG,NYG,2025-12-21,0.0,0.06451612903225806,0.05357142857142857,0.07142857142857142,1.1894697196646076,0.06451612903225806,0.037037037037037035,0.08620689655172414,0.10344827586206896,1.664692550783899,0.23486639927257175,0.341322351990408
2025_17_NYG_LV,NYG,2025-12-28,0.05714285714285714,0.2,0.14754098360655737,0.03278688524590164,1.0721887968440014,0.02631578947368421,0.15,0.1206896551724138,0.13793103448275862,1.8370727189336673,0.6341568537824912,1.9629569695925708
2025_18_DAL_NYG,NYG,2026-01-04,0.06666666666666667,0.16666666666666666,0.10666666666666667,0.02666666666666667,1.3162656942317752,0.07407407407407407,0.18518518518518517,0.09259259259259259,0.07407407407407407,1.6030643210364743,0.43396631013106035,0.5672581643259783
2025_11_NYJ_NE,NYJ,2025-11-13,0.030303030303030304,0.08333333333333333,0.10526315789473684,0.07017543859649122,1.3104129412684826,0.125,0.0,0.140625,0.015625,1.073747925396772,0.09361751656763652,0.43209126408493576
2025_12_NYJ_BAL,NYJ,2025-11-23,0.05714285714285714,0.0,0.11864406779661017,0.11864406779661017,1.36329314120501,0.0625,0.06896551724137931,0.16393442622950818,0.06557377049180328,1.2692671797206012,0.31418988163540207,0.5295340311735465
2025_13_ATL_NYJ,NYJ,2025-11-30,0.023255813953488372,0.0,0.09230769230769231,0.046153846153846156,1.0808926982329383,0.08333333333333333,0.1875,0.13043478260869565,0.07246376811594203,1.1716958242370485,0.9154199641396553,1.8438989374872246
2025_14_MIA_NYJ,NYJ,2025-12-07,0.023809523809523808,0.11764705882352941,0.05084745762711865,0.15254237288135594,1.498737651402502,0.09090909090909091,0.2,0.15873015873015872,0.031746031746031744,1.04612678767162,0.21684597023812308,0.4729423942714646
2025_15_NYJ_JAX,NYJ,2025-12-14,0.04878048780487805,0.07407407407407407,0.11764705882352941,0.11764705882352941,1.518552052541225,0.1794871794871795,0.0,0.15254237288135594,0.05084745762711865,1.5634990097639514,0.26428185004408866,0.42964803492097675
2025_16_NYJ_NO,NYJ,2025-12-21,0.044444444444444446,0.0,0.06060606060606061,0.12121212121212122,1.2649943161370487,0.07272727272727272,0.043478260869565216,0.11538461538461539,0.05128205128205128,1.3627676084119333,0.17552504084484938,0.643083642988179
2025_17_NE_NYJ,NYJ,2025-12-28,0.027777777777777776,0.14285714285714285,0.078125,0.125,1.3105011978236492,0.1875,0.15625,0.203125,0.03125,1.2375477379173083,0.33618708978616146,0.23540052646103213
2025_18_NYJ_BUF,NYJ,2026-01-04,0.0,0.0,0.06382978723404255,0.0425531914893617,1.0497658415670539,0.125,0.15384615384615385,0.14084507042253522,0.056338028169014086,1.3674337560718186,0.2392953422068703,0.621244640872468
2025_11_DET_PHI,PHI,2025-11-16,0.029411764705882353,0.10810810810810811,0.08450704225352113,0.09859154929577464,1.1486967095121121,0.1282051282051282,0.1,0.0847457627118644,0.1864406779661017,1.6907857169563125,0.144424941220147,0.5601123473304347
2025_12_PHI_DAL,PHI,2025-11-23,0.0425531914893617,0.0,0.09523809523809523,0.047619047619047616,1.3151027400147177,0.11363636363636363,0.11538461538461539,0.1267605633802817,0.1267605633802817,1.6492261271071424,0.22375449612841444,0.3236004787951333
2025_13_CHI_PHI,PHI,2025-11-28,0.08571428571428572,0.11764705882352941,0.11538461538461539,0.07692307692307693,1.3832517503808999,0.023809523809523808,0.13636363636363635,0.08139534883720931,0.06976744186046512,1.3100519001824205,-0.044667881777175816,0.45208321754978026
2025_14_PHI_LAC,PHI,2025-12-08,0.06382978723404255,0.17391304347826086,0.12857142857142856,0.11428571428571428,1.8077478176767332,0.023255813953488372,0.12903225806451613,0.05405405405405406,0.10810810810810811,1.313921981065943,0.24926529587687796,0.4105371537088998
2025_15_LV_PHI,PHI,2025-12-14,0.125,0.08888888888888889,0.15942028985507245,0.043478260869565216,1.2457748834296611,0.0,0.08333333333333333,0.023809523809523808,0.11904761904761904,1.1211480137662648,0.09472674712535471,0.24764771402877261
2025_16_PHI_WAS,PHI,2025-12-20,0.025,0.17857142857142858,0.14705882352941177,0.014705882352941176,1.191262673286271,0.1111111111111111,0.07692307692307693,0.07547169811320754,0.1320754716981132,1.3709659739502902,-0.3864589151520341,1.9212166269971456
2025_17_PHI_BUF,PHI,2025-12-28,0.034482758620689655,0.08333333333333333,0.05660377358490566,0.0,0.911312077235032,0.08888888888888889,0.1,0.12,0.08,1.5796323104720733,0.12137364210242979,0.5203792963605942
2025_18_WAS_PHI,PHI,2026-01-04,0.044444444444444446,0.16666666666666666,0.078125,0.109375,1.1330058430355643,0.030303030303030304,0.058823529411764705,0.13432835820895522,0.029850746268656716,1.4390161862534123,0.1295043252661923,0.29457507261198806
2025_11_CIN_PIT,PIT,2025-11-16,0.07894736842105263,0.07692307692307693,0.15625,0.03125,1.121725859660832,0.047619047619047616,0.08695652173913043,0.13846153846153847,0.046153846153846156,1.8682199053429762,0.010774593414213062,0.27539003506981713
2025_12_PIT_CHI,PIT,2025-11-23,0.02702702702702703,0.05714285714285714,0.09722222222222222,0.05555555555555555,1.4076410114173024,0.075,0.08695652173913043,0.09523809523809523,0.047619047619047616,1.4353611662397883,-0.23252630917201822,0.42769986303145974
2025_13_BUF_PIT,PIT,2025-11-30,0.04,0.16666666666666666,0.06976744186046512,0.16279069767441862,1.7711121668344318,0.0,0.14893617021276595,0.10810810810810811,0.04054054054054054,1.2909815771545716,-0.022522186258473544,0.4810696433731446
2025_14_PIT_BAL,PIT,2025-12-07,0.1388888888888889,0.0,0.17647058823529413,0.058823529411764705,1.4082854115898908,0.06976744186046512,0.05714285714285714,0.11538461538461539,0.07692307692307693,1.3299927198668973,0.12361853725016067,0.4554931137467939
2025_15_MIA_PIT,PIT,2025-12-15,0.09375,0.058823529411764705,0.16666666666666666,0.07575757575757576,1.3250588687798093,0.11428571428571428,0.06666666666666667,0.08,0.1,1.300779586355677,0.09218398003873277,0.6074931002694465
2025_16_PIT_DET,PIT,2025-12-21,0.04081632653061224,0.28,0.14864864864864866,0.02702702702702703,1.5310695840613624,0.0967741935483871,0.09090909090909091,0.136986301369863,0.0547945205479452,1.3403545489602755,-0.010889527557194726,0.45016615527566145
2025_17_PIT_CLE,PIT,2025-12-28,0.04878048780487805,0.17391304347826086,0.078125,0.109375,1.187636504286232,0.06896551724137931,0.0,0.11764705882352941,0.058823529411764705,1.523682403076335,-0.03556565706255949,0.3772742345763608
2025_18_BAL_PIT,PIT,2026-01-04,0.07692307692307693,0.08695652173913043,0.13333333333333333,0.06666666666666667,1.2926008091375683,0.16666666666666666,0.11538461538461539,0.12,0.06,1.8678512597796653,0.15486698242749705,0.541190100516192
2025_11_SEA_LA,SEA,2025-11-16,0.0625,0.05555555555555555,0.07142857142857142,0.08333333333333333,1.5552151184897836,0.03571428571428571,0.17391304347826086,0.13725490196078433,0.0784313725490196,1.4928113014348348,0.12225175079352416,0.389732733835925
2025_12_SEA_TEN,SEA,2025-11-23,0.1111111111111111,0.2631578947368421,0.1276595744680851,0.06382978723404255,1.5092927024892213,0.05454545454545454,0.0,0.16,0.10666666666666667,1.2507985729129774,-0.44110004685553134,1.945267466870212
2025_13_MIN_SEA,SEA,2025-11-30,0.03125,0.05714285714285714,0.05970149253731343,0.05970149253731343,1.2088717080043467,0.02857142857142857,0.125,0.0784313725490196,0.13725490196078433,1.8922381553849084,0.13662208016794114,0.6395796700664989
2025_14_SEA_ATL,SEA,2025-12-07,0.11428571428571428,0.11538461538461539,0.16393442622950818,0.04918032786885246,1.3767645420993162,0.12121212121212122,0.03225806451612903,0.078125,0.15625,1.447202269384302,0.6356690583815229,1.8330502498348231
2025_15_IND_SEA,SEA,2025-12-14,0.07894736842105263,0.0,0.07017543859649122,0.08771929824561403,1.0346201159474768,0.0,0.03225806451612903,0.08333333333333333,0.05,1.0239313821708125,0.22686575985668847,0.39417792218593506
2025_16_LA_SEA,SEA,2025-12-18,0.11363636363636363,0.13043478260869565,0.13432835820895522,0.05970149253731343,1.648841969915524,0.1320754716981132,0.0,0.11956521739130435,0.03260869565217391,1.3678567670166994,0.24138637167059476,0.46537379135390994
2025_17_SEA_CAR,SEA,2025-12-28,0.0,0.14705882352941177,0.13846153846153847,0.07692307692307693,1.5393584240418676,0.0,0.05555555555555555,0.08,0.14,1.485407427348246,0.3129175418382328,0.3890072665156659
2025_18_SEA_SF,SEA,2026-01-03,0.0625,0.17647058823529413,0.06060606060606061,0.045454545454545456,1.2089418904652691,0.03125,0.0,0.047619047619047616,0.11904761904761904,1.2038978963876579,0.09384016556955121,0.1778536487555856
2025_10_LA_SF,SF,2025-11-09,0.04878048780487805,0.09523809523809523,0.12698412698412698,0.07936507936507936,1.3108316693020405,0.08108108108108109,0.10714285714285714,0.12307692307692308,0.015384615384615385,1.0333613915344644,0.20107456131410187,0.47624886531416155
2025_11_SF_ARI,SF,2025-11-16,0.1,0.13636363636363635,0.09615384615384616,0.057692307692307696,1.1372260148908648,0.06666666666666667,0.0,0.08860759493670886,0.0379746835443038,1.5355594162025976,0.5470100136853154,1.95624803263564
2025_12_CAR_SF,SF,2025-11-24,0.030303030303030304,0.08571428571428572,0.10294117647058823,0.058823529411764705,1.3005885480272878,0.02702702702702703,0.2222222222222222,0.06521739130434782,0.10869565217391304,1.567765659621659,0.18948023869615596,0.5340342972258628
2025_13_SF_CLE,SF,2025-11-30,0.05714285714285714,0.0,0.12121212121212122,0.030303030303030304,1.0711335330170446,0.03125,0.03225806451612903,0.047619047619047616,0.09523809523809523,1.2051263354495367,0.5548664633502765,1.760985002763374
2025_15_TEN_SF,SF,2025-12-14,0.15,0.0,0.12162162162162163,0.013513513513513514,1.0659032509918331,0.06451612903225806,0.13636363636363635,0.09433962264150944,0.018867924528301886,1.117104117016369,0.35178107912546547,0.3173719982604887
2025_16_SF_IND,SF,2025-12-22,0.1388888888888889,0.14814814814814814,0.20634920634920634,0.015873015873015872,1.2774042517661797,0.05,0.0,0.13333333333333333,0.08333333333333333,1.854965489891502,0.21610143925563832,0.19193435514906246
2025_17_CHI_SF,SF,2025-12-28,0.12195121951219512,0.16129032258064516,0.1527777777777778,0.041666666666666664,1.562876562511351,0.13043478260869565,0.10526315789473684,0.18461538461538463,0.046153846153846156,1.3874949045230274,0.12784043793626665,0.2378824071161181
2025_18_SEA_SF,SF,2026-01-03,0.03125,0.0,0.047619047619047616,0.11904761904761904,1.2038978963876579,0.0625,0.17647058823529413,0.06060606060606061,0.045454545454545456,1.2089418904652691,-0.2881531562161399,0.8389373343634162
2025_11_TB_BUF,TB,2025-11-16,0.05555555555555555,0.14705882352941177,0.12857142857142856,0.05714285714285714,1.425226820986231,0.22857142857142856,0.0,0.16071428571428573,0.05357142857142857,1.6189012692453009,0.5163721804628412,1.3563398499083326
2025_12_TB_LA,TB,2025-11-23,0.022222222222222223,0.08,0.08571428571428572,0.08571428571428572,1.6083048254928887,0.08108108108108109,0.05263157894736842,0.125,0.07142857142857142,1.2823204855207622,-0.04508620884233585,0.5642580405253134
2025_13_ARI_TB,TB,2025-11-30,0.17142857142857143,0.045454545454545456,0.13793103448275862,0.10344827586206896,1.2351750707280194,0.045454545454545456,0.125,0.06666666666666667,0.08333333333333333,1.4514109177323151,0.23479852599277118,0.5206534659001661
2025_14_NO_TB,TB,2025-12-07,0.05128205128205128,0.11428571428571428,0.0945945945945946,0.0945945945945946,1.3472088158653195,0.0,0.1,0.16071428571428573,0.07142857142857142,1.3098267645132813,0.17979022467274863,0.4294037738144681
2025_15_ATL_TB,TB,2025-12-11,0.10638297872340426,0.13636363636363635,0.13043478260869565,0.057971014492753624,1.1877638665527956,0.10638297872340426,0.18181818181818182,0.15942028985507245,0.028985507246376812,1.2260012942444258,0.023202746035098976,0.4374690195765477
2025_16_TB_CAR,TB,2025-12-21,0.09090909090909091,0.06666666666666667,0.12698412698412698,0.06349206349206349,1.1341587328922555,0.05555555555555555,0.23529411764705882,0.1320754716981132,0.03773584905660377,1.1760869463174135,0.11854653936471243,0.9537391548431399
2025_17_TB_MIA,TB,2025-12-28,0.05555555555555555,0.07692307692307693,0.13432835820895522,0.07462686567164178,1.4872754961889276,0.11538461538461539,0.14285714285714285,0.09259259259259259,0.05555555555555555,1.3821233533670574,0.0907201992203384,0.5509570665132966
2025_18_CAR_TB,TB,2026-01-03,0.10344827586206896,0.0,0.07462686567164178,0.014925373134328358,1.0462571725473757,0.08333333333333333,0.0,0.16326530612244897,0.12244897959183673,1.696376542961744,8.152794707535651e-05,0.37172800056820915
2025_11_HOU_TEN,TEN,2025-11-16,0.044444444444444446,0.0,0.1016949152542373,0.1016949152542373,1.2786085357109218,0.041666666666666664,0.045454545454545456,0.08571428571428572,0.05714285714285714,1.1507104785551665,0.09335489274372581,0.49745414874121074
2025_12_SEA_TEN,TEN,2025-11-23,0.05454545454545454,0.0,0.16,0.10666666666666667,1.2507985729129774,0.1111111111111111,0.2631578947368421,0.1276595744680851,0.06382978723404255,1.5092927024892213,-0.16784025848378714,0.8410461241815691
2025_13_JAX_TEN,TEN,2025-11-30,0.0,0.23076923076923078,0.06779661016949153,0.11864406779661017,1.1659361503571146,0.08571428571428572,0.0,0.13333333333333333,0.06666666666666667,1.2324768213154829,-0.6053661172821497,1.6462559422511174
2025_14_TEN_CLE,TEN,2025-12-07,0.03333333333333333,0.05555555555555555,0.10606060606060606,0.06060606060606061,1.5284510590397635,0.1,0.05263157894736842,0.13043478260869565,0.07246376811594203,1.7082882243283886,0.2861317701399632,0.5778947260250478
2025_15_TEN_SF,TEN,2025-12-14,0.06451612903225806,0.13636363636363635,0.09433962264150944,0.018867924528301886,1.117104117016369,0.15,0.0,0.12162162162162163,0.013513513513513514,1.0659032509918331,0.19761306785544933,0.5513504451690087
2025_16_KC_TEN,TEN,2025-12-21,0.125,0.1282051282051282,0.1267605633802817,0.08450704225352113,1.2764127105778729,0.06060606060606061,0.0,0.044444444444444446,0.1111111111111111,1.000838064571571,0.140183906829056,0.8864946128602686
2025_17_NO_TEN,TEN,2025-12-28,0.0851063829787234,0.07407407407407407,0.10810810810810811,0.0945945945945946,1.7213002749828576,0.18181818181818182,0.1,0.16981132075471697,0.05660377358490566,1.5471554550036541,0.11280907884316949,0.4517305496452166
2025_18_TEN_JAX,TEN,2026-01-04,0.05555555555555555,0.05555555555555555,0.07407407407407407,0.09259259259259259,1.5107864548950425,0.10256410256410256,0.10526315789473684,0.1896551724137931,0.05172413793103448,1.158443451641853,0.30914558723568536,0.3064591176309259
2025_10_DET_WAS,WAS,2025-11-09,0.10714285714285714,0.0,0.1320754716981132,0.05660377358490566,1.3298547556226912,0.05555555555555555,0.18181818181818182,0.18840579710144928,0.0,1.097936255149728,0.19497040812665656,0.5086864564171907
2025_11_WAS_MIA,WAS,2025-11-16,0.11428571428571428,0.125,0.08955223880597014,0.07462686567164178,1.330161107721407,0.08333333333333333,0.22580645161290322,0.07142857142857142,0.08928571428571429,1.197147216779653,0.22257259040538058,0.44348397345165935
2025_13_DEN_WAS,WAS,2025-11-30,0.05084745762711865,0.13333333333333333,0.11235955056179775,0.06741573033707865,1.4262066085866416,0.08163265306122448,0.09523809523809523,0.15714285714285714,0.04285714285714286,1.2751973816814972,0.04462298478876709,0.28019243328804716
2025_14_WAS_MIN,WAS,2025-12-07,0.029411764705882353,0.16666666666666666,0.07692307692307693,0.11538461538461539,1.7328457073106056,0.06666666666666667,0.10344827586206896,0.15,0.05,1.1271695685891783,-0.1568930666221099,0.3691353916008026
2025_15_WAS_NYG,WAS,2025-12-14,0.10714285714285714,0.13333333333333333,0.06896551724137931,0.08620689655172414,1.4595240013884965,0.06666666666666667,0.08695652173913043,0.08823529411764706,0.10294117647058823,1.3040128508250328,-0.14973331289748212,0.5041895688588849
2025_16_PHI_WAS,WAS,2025-12-20,0.1111111111111111,0.07692307692307693,0.07547169811320754,0.1320754716981132,1.3709659739502902,0.025,0.17857142857142858,0.14705882352941177,0.014705882352941176,1.191262673286271,0.07859805513003568,0.3742796110138909
2025_17_DAL_WAS,WAS,2025-12-25,0.07407407407407407,0.25,0.16279069767441862,0.11627906976744186,1.4860259950103154,0.08163265306122448,0.046511627906976744,0.14130434782608695,0.021739130434782608,1.3939913533193489,0.2313498734657494,0.3503136015460313
2025_18_WAS_PHI,WAS,2026-01-04,0.030303030303030304,0.058823529411764705,0.13432835820895522,0.029850746268656716,1.4390161862534123,0.044444444444444446,0.16666666666666666,0.078125,0.109375,1.1330058430355643,0.21663512616230576,0.5736399490914035
