snapshot_utc,snapshot_role,api_event_id,game_id,season,week,kickoff_utc,lead_minutes,away_team,home_team,book_count,h2h_book_count,consensus_home_mean,consensus_home_median,consensus_home_std,consensus_home_iqr,consensus_home_range,consensus_market_pick,consensus_fav_prob,home_fav_books,away_fav_books,favorite_split,majority_margin,median_book_age_seconds,oldest_book_age_seconds,stale_book_count_5m,pinnacle_home_prob,retail_home_median,pinnacle_minus_retail_pp,spread_home_median,spread_home_range,total_median,total_range,production_p_home_market,production_market_pick,production_final_pick,consensus_minus_production_pp,consensus_vs_production_market_flip
2026-09-12T13:35:26Z,SCHEDULED_FULL,95c01d1bb797d6df14824b106c5a9130,odds_95c01d1bb797d6df14824b106c5a9130,,,2026-09-13T17:00:00Z,1644.55090555,ATL,PIT,10,10,0.6996776657017939,0.6984126854065711,0.006124964743520284,0.008800625477751511,0.021178706029810535,PIT,0.6984126854065711,10,0,10-0,1.0,41.445667,90.945667,0,0.7042656465974477,0.6966632962588473,0.7602350338600461,-6.0,0.5,41.0,1.0,,,,,False
2026-09-12T13:35:26Z,SCHEDULED_FULL,b6cfdcbafa61ce220ba87dc2d9b80c77,odds_b6cfdcbafa61ce220ba87dc2d9b80c77,,,2026-09-13T17:00:00Z,1644.55090555,BAL,IND,10,10,0.3893985783417052,0.3869483298592119,0.008039562046709565,0.008089250238167145,0.029490416443121004,BAL,0.6130516701407881,0,10,0-10,1.0,41.445667,90.945667,0,0.3865173648610242,0.3873792948573995,-0.08619299963752991,3.5,0.5,48.0,0.5,,,,,False
2026-09-12T13:35:26Z,SCHEDULED_FULL,7e09efed7e12c659b82740b67ce2f9a1,odds_7e09efed7e12c659b82740b67ce2f9a1,,,2026-09-13T17:00:00Z,1644.55090555,BUF,HOU,10,10,0.4724195449194835,0.47029519649243756,0.005582838937257372,0.009413355578571148,0.01510340675126226,BUF,0.5297048035075624,0,10,0-10,1.0,41.445667,90.945667,0,0.47184039298487523,0.46874999999999994,0.309039298487529,1.25,1.0,44.5,0.5,,,,,False
2026-09-12T13:35:26Z,SCHEDULED_FULL,fc362aff0d889ec52d358307a70c32ed,odds_fc362aff0d889ec52d358307a70c32ed,,,2026-09-13T17:00:00Z,1644.55090555,CHI,CAR,10,10,0.3951526691463035,0.39543598052010986,0.0036632079459920403,0.0023791074755154518,0.013528420725051338,CHI,0.6045640194798901,0,10,0-10,1.0,41.445667,90.945667,0,0.39444806928050297,0.3956834532374101,-0.12353839569071434,3.0,0.0,47.0,0.5,,,,,False
2026-09-12T13:35:26Z,SCHEDULED_FULL,ed6d24ff979f9c71979fead577b0b3f7,odds_ed6d24ff979f9c71979fead577b0b3f7,,,2026-09-13T17:00:00Z,1644.55090555,TB,CIN,10,10,0.6476004167727158,0.6465222348916762,0.0022492846592396913,0.00388343179707773,0.005975046551879748,CIN,0.6465222348916762,10,0,10-0,1.0,41.445667,90.945667,0,0.6462264150943395,0.6465222348916762,-0.029581979733661612,-3.5,0.5,50.5,0.5,,,,,False
2026-09-12T13:35:26Z,SCHEDULED_FULL,e55c6fe19fce094ce214c8b0e5b504e9,odds_e55c6fe19fce094ce214c8b0e5b504e9,,,2026-09-13T17:00:00Z,1644.55090555,CLE,JAX,10,10,0.7769794456744001,0.7726590384512406,0.008217829026074056,0.014701671566187957,0.021786040908575943,JAX,0.7726590384512406,10,0,10-0,1.0,41.445667,90.945667,0,0.7729888299672798,0.7723292469352013,0.06595830320784701,-9.0,1.0,40.0,1.0,,,,,False
2026-09-12T13:35:26Z,SCHEDULED_FULL,c1d3fcec25aaeb06ebd2244d33d338e0,odds_c1d3fcec25aaeb06ebd2244d33d338e0,,,2026-09-13T17:00:00Z,1644.55090555,NO,DET,10,10,0.7340476706945347,0.7348673587893,0.005102467948121709,0.009096252913754821,0.013986455123298325,DET,0.7348673587893,10,0,10-0,1.0,41.445667,90.945667,0,0.7361923978293835,0.7335423197492164,0.2650078080167151,-7.0,0.5,49.75,0.5,,,,,False
2026-09-12T13:35:26Z,SCHEDULED_FULL,7dddb296a42e7a41a774b24bd1709ce1,odds_7dddb296a42e7a41a774b24bd1709ce1,,,2026-09-13T17:00:00Z,1644.55090555,NYJ,TEN,10,7,0.5211456223616933,0.5217391304347826,0.006872702909331636,0.009752578142098844,0.020415763813651178,TEN,0.5217391304347826,7,0,7-0,1.0,41.445667,90.945667,0,0.5125216282670066,0.5237515591352613,-1.1229930868254634,-1.0,1.5,38.5,0.5,,,,,False
2026-09-12T13:35:26Z,SCHEDULED_FULL,1edfa5ceaa1ad2cb57df1c1b908731f6,odds_1edfa5ceaa1ad2cb57df1c1b908731f6,,,2026-09-13T20:25:00Z,1849.55090555,ARI,LAC,10,10,0.7987731655738113,0.7997280761386811,0.006760438874731104,0.01265275638684904,0.018888863464750716,LAC,0.7997280761386811,10,0,10-0,1.0,41.445667,90.945667,0,0.7935978878426968,0.7999999999999999,-0.640211215730313,-9.5,1.5,47.0,0.5,,,,,False
2026-09-12T13:35:26Z,SCHEDULED_FULL,cb77efed7e711d25a72c1a2a0a1af119,odds_cb77efed7e711d25a72c1a2a0a1af119,,,2026-09-13T20:25:00Z,1849.55090555,GB,MIN,10,10,0.535912193164339,0.5366939866497353,0.005359819166520267,0.0035799316236528878,0.02012261405145266,MIN,0.5366939866497353,10,0,10-0,1.0,41.445667,90.945667,0,0.5437277642660449,0.5366306721917165,0.7097092074328404,-1.5,1.0,46.0,0.5,,,,,False
2026-09-12T13:35:26Z,SCHEDULED_FULL,c5d95f48a16849ab6bebc68fbbfcb74a,odds_c5d95f48a16849ab6bebc68fbbfcb74a,,,2026-09-13T20:25:00Z,1849.55090555,MIA,LV,10,10,0.5996817049668264,0.6011863352524496,0.005306625092994159,0.004351798884241975,0.018633374352150622,LV,0.6011863352524496,10,0,10-0,1.0,41.445667,90.945667,0,0.6025054203806312,0.6010838476591901,0.14215727214410556,-3.0,0.0,40.5,1.0,,,,,False
2026-09-12T13:35:26Z,SCHEDULED_FULL,17885cb8dcade8f6c3bce14b2de805e8,odds_17885cb8dcade8f6c3bce14b2de805e8,,,2026-09-13T20:25:00Z,1849.55090555,WAS,PHI,10,10,0.6840662053394531,0.6846457945199256,0.0022125839729814213,0.0012550116885822193,0.008109250542067792,PHI,0.6846457945199256,10,0,10-0,1.0,41.445667,90.945667,0,0.6859938659266832,0.6846457945199256,0.13480714067576338,-5.5,1.0,44.5,0.5,,,,,False
2026-09-12T13:35:26Z,SCHEDULED_FULL,3e646c7479c57f5d9752d8c7dfe7059b,odds_3e646c7479c57f5d9752d8c7dfe7059b,,,2026-09-14T00:20:00Z,2084.5509055499997,DAL,NYG,10,10,0.4075812700365681,0.40761153844681564,0.003979191060652769,0.005145246225206457,0.012781035946748787,DAL,0.5923884615531844,0,10,0-10,1.0,41.445667,90.945667,0,0.40272614622057,0.4085928310530551,-0.5866684832485092,3.0,0.5,48.0,1.0,,,,,False
2026-09-12T13:35:26Z,SCHEDULED_FULL,5ad8135dc2b5f27de0b777acd317855a,odds_5ad8135dc2b5f27de0b777acd317855a,,,2026-09-15T00:15:00Z,3519.55090555,DEN,KC,10,10,0.5609204571154625,0.562043795620438,0.0042905938333836395,0.0009162294738468413,0.016986224296364316,KC,0.562043795620438,10,0,10-0,1.0,41.445667,90.945667,0,0.5620357024060317,0.562043795620438,-0.0008093214406312832,-2.5,0.5,43.5,0.5,,,,,False
2026-09-12T13:35:26Z,SCHEDULED_FULL,56e8897681915f7ec92baeee952bb1ae,odds_56e8897681915f7ec92baeee952bb1ae,,,2026-09-18T00:15:00Z,7839.55090555,DET,BUF,6,3,0.6112665325129504,0.60431654676259,0.018128786168224838,0.021371771228706482,0.042743542457413186,BUF,0.60431654676259,3,0,3-0,1.0,55.445667,90.945667,0,,0.60431654676259,,-3.0,0.5,51.5,1.0,,,,,False
2026-09-12T13:35:26Z,SCHEDULED_FULL,aee7eae1849ebb103b9bf233e9741392,odds_aee7eae1849ebb103b9bf233e9741392,,,2026-09-20T17:00:00Z,11724.550905549999,CAR,ATL,3,3,0.5201239214896272,0.5279042320013488,0.014351192514367934,0.016233766233766378,0.032467532467532534,ATL,0.5279042320013488,2,0,2-0,0.6666666666666666,2.9456670000000003,88.945667,0,,0.5279042320013488,,-1.5,0.0,42.5,1.0,,,,,False
2026-09-12T13:35:26Z,SCHEDULED_FULL,2143ade9684fd876b68a4e8cbf451f05,odds_2143ade9684fd876b68a4e8cbf451f05,,,2026-09-20T17:00:00Z,11724.550905549999,NO,BAL,6,3,0.7668066344922956,0.7619047619047619,0.017873464920420586,0.021474865686284206,0.04294973137256841,BAL,0.7619047619047619,3,0,3-0,1.0,55.445667,90.945667,0,,0.7619047619047619,,-7.5,1.0,46.5,0.0,,,,,False
2026-09-12T13:35:26Z,SCHEDULED_FULL,0283a29e1b38ef78b29b904fd56a16dd,odds_0283a29e1b38ef78b29b904fd56a16dd,,,2026-09-20T17:00:00Z,11724.550905549999,MIN,CHI,6,3,0.5981033138285191,0.5965276928719893,0.004126208875644018,0.0048658466353938,0.0097316932707876,CHI,0.5965276928719893,3,0,3-0,1.0,55.445667,90.945667,0,,0.5965276928719893,,-3.0,0.0,45.5,1.0,,,,,False
2026-09-12T13:35:26Z,SCHEDULED_FULL,36ad2fa722f4915ef23d2c81351261de,odds_36ad2fa722f4915ef23d2c81351261de,,,2026-09-20T17:00:00Z,11724.550905549999,CIN,HOU,6,3,0.5616089863387854,0.5582520712662219,0.00754555083337826,0.008772191685396558,0.017544383370793004,HOU,0.5582520712662219,3,0,3-0,1.0,55.445667,90.945667,0,,0.5582520712662219,,-2.75,0.5,45.5,1.0,,,,,False
2026-09-12T13:35:26Z,SCHEDULED_FULL,0636ebff776d43f8c829a36713c80b22,odds_0636ebff776d43f8c829a36713c80b22,,,2026-09-20T17:00:00Z,11724.550905549999,CLE,TB,6,3,0.7192763269194379,0.711362805991962,0.012499887688046836,0.013689518918445498,0.027379037836891107,TB,0.711362805991962,3,0,3-0,1.0,55.445667,90.945667,0,,0.711362805991962,,-6.5,0.0,40.5,2.0,,,,,False
2026-09-12T13:35:26Z,SCHEDULED_FULL,4aeee070bb6ec60bdfae4dede61b9014,odds_4aeee070bb6ec60bdfae4dede61b9014,,,2026-09-20T17:00:00Z,11724.550905549999,GB,NYJ,6,3,0.3194444444444444,0.3194444444444444,0.0,0.0,0.0,GB,0.6805555555555556,0,3,0-3,1.0,55.445667,90.945667,0,,0.3194444444444444,,5.5,0.0,42.5,0.0,,,,,False
2026-09-12T13:35:26Z,SCHEDULED_FULL,9d14f87600f6edc74dbcb5c74edf6246,odds_9d14f87600f6edc74dbcb5c74edf6246,,,2026-09-20T17:00:00Z,11724.550905549999,PIT,NE,2,2,0.6456257068459546,0.6456257068459546,0.0008965280457216007,0.0008965280457216007,0.0017930560914432014,NE,0.6456257068459546,2,0,2-0,1.0,45.945667,88.945667,0,,0.6456257068459546,,-4.5,0.0,43.5,0.0,,,,,False
2026-09-12T13:35:26Z,SCHEDULED_FULL,fafc649c455e32a0f2ba1bd06e2039bc,odds_fafc649c455e32a0f2ba1bd06e2039bc,,,2026-09-20T17:00:00Z,11724.550905549999,PHI,TEN,6,3,0.32011525345067,0.3194444444444444,0.00862082827618904,0.010542320983027653,0.021084641966055362,PHI,0.6805555555555556,0,3,0-3,1.0,55.445667,90.945667,0,,0.3194444444444444,,5.5,0.0,42.5,1.0,,,,,False
2026-09-12T13:35:26Z,SCHEDULED_FULL,1fd6628c781f556a7a19638e97d7107f,odds_1fd6628c781f556a7a19638e97d7107f,,,2026-09-20T20:05:00Z,11909.550905549999,JAX,DEN,6,3,0.5713758871009886,0.5676429567642958,0.008387260494906922,0.009750288777271576,0.019500577554543153,DEN,0.5676429567642958,3,0,3-0,1.0,55.445667,90.945667,0,,0.5676429567642958,,-3.0,0.5,44.5,1.0,,,,,False
2026-09-12T13:35:26Z,SCHEDULED_FULL,71b3b83747589efdc5baef2c5cf811bf,odds_71b3b83747589efdc5baef2c5cf811bf,,,2026-09-20T20:05:00Z,11909.550905549999,LV,LAC,6,3,0.7822841856917749,0.7734970364098221,0.01806540651771706,0.020775655816317018,0.04155131163263415,LAC,0.7734970364098221,3,0,3-0,1.0,55.445667,90.945667,0,,0.7734970364098221,,-9.5,0.5,42.5,0.0,,,,,False
2026-09-12T13:35:26Z,SCHEDULED_FULL,85ef85098ddd22fe4ecf45e7e3c0a9c0,odds_85ef85098ddd22fe4ecf45e7e3c0a9c0,,,2026-09-20T20:25:00Z,11929.550905549999,WAS,DAL,6,3,0.6533217522704553,0.6540540540540539,0.013116154754493388,0.016051419684533608,0.032102839369067215,DAL,0.6540540540540539,3,0,3-0,1.0,55.445667,90.945667,0,,0.6540540540540539,,-4.5,0.0,51.25,0.5,,,,,False
2026-09-12T13:35:26Z,SCHEDULED_FULL,50bc247030707d823b9c3581d7eb5760,odds_50bc247030707d823b9c3581d7eb5760,,,2026-09-21T00:20:00Z,12164.550905549999,IND,KC,6,3,0.7043148138163154,0.7017986746607764,0.01657237623277752,0.020179624967118892,0.04035924993423767,KC,0.7017986746607764,3,0,3-0,1.0,55.445667,90.945667,0,,0.7017986746607764,,-6.5,1.0,47.5,1.0,,,,,False
2026-09-12T13:35:26Z,SCHEDULED_FULL,e5fbd3b3953b896b1bf897ddadb3cc4b,odds_e5fbd3b3953b896b1bf897ddadb3cc4b,,,2026-09-25T00:15:00Z,17919.55090555,ATL,GB,2,1,0.7571884984025559,0.7571884984025559,0.0,0.0,0.0,GB,0.7571884984025559,1,0,1-0,1.0,89.945667,90.945667,0,,0.7571884984025559,,-7.5,0.0,46.5,0.0,,,,,False
2026-09-12T13:35:26Z,SCHEDULED_FULL,b225458a282e140c44c45651255f2f6c,odds_b225458a282e140c44c45651255f2f6c,,,2026-09-27T17:00:00Z,21804.55090555,LAC,BUF,1,1,0.593369754159424,0.593369754159424,0.0,0.0,0.0,BUF,0.593369754159424,1,0,1-0,1.0,88.945667,88.945667,0,,0.593369754159424,,-3.0,0.0,48.5,0.0,,,,,False
2026-09-12T13:35:26Z,SCHEDULED_FULL,613b8cd3a5fab58f7be4e3fd6f76223e,odds_613b8cd3a5fab58f7be4e3fd6f76223e,,,2026-09-27T17:00:00Z,21804.55090555,CAR,CLE,1,1,0.4675324675324675,0.4675324675324675,0.0,0.0,0.0,CAR,0.5324675324675325,0,1,0-1,1.0,88.945667,88.945667,0,,0.4675324675324675,,1.5,0.0,39.5,0.0,,,,,False
2026-09-12T13:35:26Z,SCHEDULED_FULL,71123be049587b6facce3a20c53e5d09,odds_71123be049587b6facce3a20c53e5d09,,,2026-09-27T17:00:00Z,21804.55090555,CIN,PIT,2,1,0.4675324675324675,0.4675324675324675,0.0,0.0,0.0,CIN,0.5324675324675325,0,1,0-1,1.0,89.945667,90.945667,0,,0.4675324675324675,,1.5,0.0,47.0,1.0,,,,,False
2026-09-12T13:35:26Z,SCHEDULED_FULL,07f552badfa8a565d1be22123713e4da,odds_07f552badfa8a565d1be22123713e4da,,,2026-09-27T17:00:00Z,21804.55090555,NYJ,DET,1,1,0.7768331562167907,0.7768331562167907,0.0,0.0,0.0,DET,0.7768331562167907,1,0,1-0,1.0,88.945667,88.945667,0,,0.7768331562167907,,-9.5,0.0,45.5,0.0,,,,,False
2026-09-12T13:35:26Z,SCHEDULED_FULL,17a730b7d399feeab6a78c30767c29d2,odds_17a730b7d399feeab6a78c30767c29d2,,,2026-09-27T17:00:00Z,21804.55090555,HOU,IND,2,1,0.4739134147382802,0.4739134147382802,0.0,0.0,0.0,HOU,0.5260865852617198,0,1,0-1,1.0,89.945667,90.945667,0,,0.4739134147382802,,1.5,0.0,45.5,0.0,,,,,False
2026-09-12T13:35:26Z,SCHEDULED_FULL,0339a0e41bcee12820eb3e64bb5fadb4,odds_0339a0e41bcee12820eb3e64bb5fadb4,,,2026-09-27T17:00:00Z,21804.55090555,KC,MIA,2,1,0.21809369951534735,0.21809369951534735,0.0,0.0,0.0,KC,0.7819063004846527,0,1,0-1,1.0,89.945667,90.945667,0,,0.21809369951534735,,7.25,0.5,44.5,0.0,,,,,False
2026-09-12T13:35:26Z,SCHEDULED_FULL,555afd4a27aaa392662881cffa8f2eef,odds_555afd4a27aaa392662881cffa8f2eef,,,2026-09-27T17:00:00Z,21804.55090555,TEN,NYG,2,1,0.5996387718242023,0.5996387718242023,0.0,0.0,0.0,NYG,0.5996387718242023,1,0,1-0,1.0,89.945667,90.945667,0,,0.5996387718242023,,-3.0,0.0,45.0,1.0,,,,,False
2026-09-12T13:35:26Z,SCHEDULED_FULL,f1724dead3eab61546033032fc782375,odds_f1724dead3eab61546033032fc782375,,,2026-09-27T20:05:00Z,21989.55090555,MIN,TB,2,1,0.5324675324675325,0.5324675324675325,0.0,0.0,0.0,TB,0.5324675324675325,1,0,1-0,1.0,89.945667,90.945667,0,,0.5324675324675325,,-1.5,0.0,44.5,0.0,,,,,False
2026-09-12T13:35:26Z,SCHEDULED_FULL,84cfca14efc21363fd605508404cf1ff,odds_84cfca14efc21363fd605508404cf1ff,,,2026-09-27T20:25:00Z,22009.55090555,BAL,DAL,2,1,0.448558885283451,0.448558885283451,0.0,0.0,0.0,BAL,0.551441114716549,0,1,0-1,1.0,89.945667,90.945667,0,,0.448558885283451,,2.5,0.0,51.5,0.0,,,,,False
2026-09-12T13:35:26Z,SCHEDULED_FULL,2e523fcb0497aa689473e290eb2b97de,odds_2e523fcb0497aa689473e290eb2b97de,,,2026-09-27T20:25:00Z,22009.55090555,LV,NO,1,1,0.6224665518611737,0.6224665518611737,0.0,0.0,0.0,NO,0.6224665518611737,1,0,1-0,1.0,88.945667,88.945667,0,,0.6224665518611737,,-3.5,0.0,42.5,0.0,,,,,False
2026-09-12T13:35:26Z,SCHEDULED_FULL,47dc7baa254659f3beb2ed2b38c207b6,odds_47dc7baa254659f3beb2ed2b38c207b6,,,2026-09-29T00:15:00Z,23679.55090555,PHI,CHI,1,1,0.5173641257162701,0.5173641257162701,0.0,0.0,0.0,CHI,0.5173641257162701,1,0,1-0,1.0,88.945667,88.945667,0,,0.5173641257162701,,-1.5,0.0,46.5,0.0,,,,,False
2026-09-12T13:35:26Z,SCHEDULED_FULL,d55cb69fed50a09170560b5b75d8de86,odds_d55cb69fed50a09170560b5b75d8de86,,,2026-10-02T00:15:00Z,27999.55090555,PIT,CLE,1,1,0.448558885283451,0.448558885283451,0.0,0.0,0.0,PIT,0.551441114716549,0,1,0-1,1.0,88.945667,88.945667,0,,0.448558885283451,,2.5,0.0,40.5,0.0,,,,,False
2026-09-12T13:35:26Z,SCHEDULED_FULL,c9d8ed8aa4889486eaf10a630138ede0,odds_c9d8ed8aa4889486eaf10a630138ede0,,,2026-10-04T13:30:00Z,31674.55090555,IND,WAS,2,1,0.5173641257162701,0.5173641257162701,0.0,0.0,0.0,WAS,0.5173641257162701,1,0,1-0,1.0,89.945667,90.945667,0,,0.5173641257162701,,-1.5,0.0,49.5,2.0,,,,,False
2026-09-12T13:35:26Z,SCHEDULED_FULL,664e6bda5721dc63be16bcf7d962a436,odds_664e6bda5721dc63be16bcf7d962a436,,,2026-10-04T17:00:00Z,31884.55090555,ARI,NYG,2,1,0.7335423197492164,0.7335423197492164,0.0,0.0,0.0,NYG,0.7335423197492164,1,0,1-0,1.0,89.945667,90.945667,0,,0.7335423197492164,,-7.0,0.0,45.5,0.0,,,,,False
2026-09-12T13:35:26Z,SCHEDULED_FULL,f01589b0e7e6dd4f4ac1220a1db81f53,odds_f01589b0e7e6dd4f4ac1220a1db81f53,,,2026-10-04T17:00:00Z,31884.55090555,TEN,BAL,2,1,0.7659021045164341,0.7659021045164341,0.0,0.0,0.0,BAL,0.7659021045164341,1,0,1-0,1.0,89.945667,90.945667,0,,0.7659021045164341,,-8.5,0.0,47.5,0.0,,,,,False
2026-09-12T13:35:26Z,SCHEDULED_FULL,164e6eb68f31bac190381903c3cccd31,odds_164e6eb68f31bac190381903c3cccd31,,,2026-10-04T17:00:00Z,31884.55090555,NYJ,CHI,1,1,0.7819063004846527,0.7819063004846527,0.0,0.0,0.0,CHI,0.7819063004846527,1,0,1-0,1.0,88.945667,88.945667,0,,0.7819063004846527,,-8.5,0.0,45.5,0.0,,,,,False
2026-09-12T13:35:26Z,SCHEDULED_FULL,2ea94ddf20f66432b9024fe2e2eaba5f,odds_2ea94ddf20f66432b9024fe2e2eaba5f,,,2026-10-04T17:00:00Z,31884.55090555,JAX,CIN,2,1,0.551441114716549,0.551441114716549,0.0,0.0,0.0,CIN,0.551441114716549,1,0,1-0,1.0,89.945667,90.945667,0,,0.551441114716549,,-2.5,0.0,51.5,0.0,,,,,False
2026-09-12T13:35:26Z,SCHEDULED_FULL,daf55e2df5341c007fee5a0fc5bbc2d4,odds_daf55e2df5341c007fee5a0fc5bbc2d4,,,2026-10-04T17:00:00Z,31884.55090555,DAL,HOU,2,1,0.551441114716549,0.551441114716549,0.0,0.0,0.0,HOU,0.551441114716549,1,0,1-0,1.0,89.945667,90.945667,0,,0.551441114716549,,-2.5,0.0,47.5,0.0,,,,,False
2026-09-12T13:35:26Z,SCHEDULED_FULL,99a9bae4dc0dc2590496bd3102b211f2,odds_99a9bae4dc0dc2590496bd3102b211f2,,,2026-10-04T17:00:00Z,31884.55090555,GB,TB,2,1,0.4675324675324675,0.4675324675324675,0.0,0.0,0.0,GB,0.5324675324675325,0,1,0-1,1.0,89.945667,90.945667,0,,0.4675324675324675,,1.5,0.0,47.5,0.0,,,,,False
2026-09-12T13:35:26Z,SCHEDULED_FULL,c327223d76a3b7b0db8c6c104442f44b,odds_c327223d76a3b7b0db8c6c104442f44b,,,2026-10-04T20:05:00Z,32069.55090555,MIA,MIN,2,1,0.7659021045164341,0.7659021045164341,0.0,0.0,0.0,MIN,0.7659021045164341,1,0,1-0,1.0,89.945667,90.945667,0,,0.7659021045164341,,-7.5,0.0,43.5,0.0,,,,,False
2026-09-12T13:35:26Z,SCHEDULED_FULL,e0cbd266dcf997089203a1b33ba0333d,odds_e0cbd266dcf997089203a1b33ba0333d,,,2026-10-04T20:25:00Z,32089.55090555,KC,LV,1,1,0.31460674157303364,0.31460674157303364,0.0,0.0,0.0,KC,0.6853932584269664,0,1,0-1,1.0,88.945667,88.945667,0,,0.31460674157303364,,5.5,0.0,43.5,0.0,,,,,False
2026-09-12T13:35:26Z,SCHEDULED_FULL,a73a76599a4f3422803e57bd8f61b626,odds_a73a76599a4f3422803e57bd8f61b626,,,2026-10-05T00:20:00Z,32324.55090555,DET,CAR,1,1,0.4066302458405761,0.4066302458405761,0.0,0.0,0.0,DET,0.5933697541594238,0,1,0-1,1.0,88.945667,88.945667,0,,0.4066302458405761,,3.0,0.0,47.5,0.0,,,,,False
2026-09-12T13:35:26Z,SCHEDULED_FULL,8bd90781e17e6d97df3941063cedae1e,odds_8bd90781e17e6d97df3941063cedae1e,,,2026-10-06T00:15:00Z,33759.55090555,ATL,NO,2,1,0.551441114716549,0.551441114716549,0.0,0.0,0.0,NO,0.551441114716549,1,0,1-0,1.0,89.945667,90.945667,0,,0.551441114716549,,-2.5,0.0,45.5,0.0,,,,,False
2026-09-12T13:35:26Z,SCHEDULED_FULL,259b5df9aa0d10257f56de78523495e0,odds_259b5df9aa0d10257f56de78523495e0,,,2026-10-09T00:15:00Z,38079.55090555,TB,DAL,2,1,0.644729178800233,0.644729178800233,0.0,0.0,0.0,DAL,0.644729178800233,1,0,1-0,1.0,89.945667,90.945667,0,,0.644729178800233,,-3.5,0.0,52.5,0.0,,,,,False
2026-09-12T13:35:26Z,SCHEDULED_FULL,21b26266f3d78af02eb672e606275d95,odds_21b26266f3d78af02eb672e606275d95,,,2026-10-11T13:30:00Z,41754.55090555,PHI,JAX,2,1,0.4675324675324675,0.4675324675324675,0.0,0.0,0.0,PHI,0.5324675324675325,0,1,0-1,1.0,89.945667,90.945667,0,,0.4675324675324675,,1.5,0.0,45.0,1.0,,,,,False
2026-09-12T13:35:26Z,SCHEDULED_FULL,c4647ca1201e6768501877267ca8251b,odds_c4647ca1201e6768501877267ca8251b,,,2026-10-11T17:00:00Z,41964.55090555,CIN,MIA,2,1,0.2949668357393679,0.2949668357393679,0.0,0.0,0.0,CIN,0.7050331642606321,0,1,0-1,1.0,89.945667,90.945667,0,,0.2949668357393679,,5.75,0.5,49.5,0.0,,,,,False
2026-09-12T13:35:26Z,SCHEDULED_FULL,9db4ed15fe34fca1fb62f040cd244591,odds_9db4ed15fe34fca1fb62f040cd244591,,,2026-10-11T17:00:00Z,41964.55090555,CLE,NYJ,1,1,0.5427435387673957,0.5427435387673957,0.0,0.0,0.0,NYJ,0.5427435387673957,1,0,1-0,1.0,88.945667,88.945667,0,,0.5427435387673957,,-2.5,0.0,39.5,0.0,,,,,False
2026-09-12T13:35:26Z,SCHEDULED_FULL,cc52bba56e74f5cddbe9011046181c3d,odds_cc52bba56e74f5cddbe9011046181c3d,,,2026-10-11T17:00:00Z,41964.55090555,HOU,TEN,2,1,0.3775334481388264,0.3775334481388264,0.0,0.0,0.0,HOU,0.6224665518611736,0,1,0-1,1.0,89.945667,90.945667,0,,0.3775334481388264,,3.5,0.0,43.5,0.0,,,,,False
2026-09-12T13:35:26Z,SCHEDULED_FULL,448d7cf18c6db4c811ed82ded1b72867,odds_448d7cf18c6db4c811ed82ded1b72867,,,2026-10-11T17:00:00Z,41964.55090555,IND,PIT,2,1,0.5634920634920635,0.5634920634920635,0.0,0.0,0.0,PIT,0.5634920634920635,1,0,1-0,1.0,89.945667,90.945667,0,,0.5634920634920635,,-2.5,0.0,47.5,0.0,,,,,False
2026-09-12T13:35:26Z,SCHEDULED_FULL,2cda9bf0fbe35a2735f0dd8aaafe9eff,odds_2cda9bf0fbe35a2735f0dd8aaafe9eff,,,2026-10-11T17:00:00Z,41964.55090555,MIN,NO,2,1,0.4675324675324675,0.4675324675324675,0.0,0.0,0.0,MIN,0.5324675324675325,0,1,0-1,1.0,89.945667,90.945667,0,,0.4675324675324675,,1.5,0.0,44.5,0.0,,,,,False
2026-09-12T13:35:26Z,SCHEDULED_FULL,fbffd0b7722fd81d68d5d62472dc80e8,odds_fbffd0b7722fd81d68d5d62472dc80e8,,,2026-10-11T17:00:00Z,41964.55090555,NYG,WAS,2,1,0.5427435387673957,0.5427435387673957,0.0,0.0,0.0,WAS,0.5427435387673957,1,0,1-0,1.0,89.945667,90.945667,0,,0.5427435387673957,,-2.5,0.0,48.5,0.0,,,,,False
2026-09-12T13:35:26Z,SCHEDULED_FULL,d1d408fdfd272046fb517fe992a1c5a0,odds_d1d408fdfd272046fb517fe992a1c5a0,,,2026-10-11T20:05:00Z,42149.55090555,DEN,LAC,2,1,0.5634920634920635,0.5634920634920635,0.0,0.0,0.0,LAC,0.5634920634920635,1,0,1-0,1.0,89.945667,90.945667,0,,0.5634920634920635,,-2.5,0.0,44.5,0.0,,,,,False
2026-09-12T13:35:26Z,SCHEDULED_FULL,f8e7f43f73aa983c5c99c189587f0118,odds_f8e7f43f73aa983c5c99c189587f0118,,,2026-10-11T20:25:00Z,42169.55090555,DET,ARI,1,1,0.23409789548356585,0.23409789548356585,0.0,0.0,0.0,DET,0.7659021045164341,0,1,0-1,1.0,88.945667,88.945667,0,,0.23409789548356585,,8.5,0.0,48.5,0.0,,,,,False
2026-09-12T13:35:26Z,SCHEDULED_FULL,2caea57b1e5cfbba1334cfbfd46f6771,odds_2caea57b1e5cfbba1334cfbfd46f6771,,,2026-10-11T20:25:00Z,42169.55090555,CHI,GB,1,1,0.5996387718242023,0.5996387718242023,0.0,0.0,0.0,GB,0.5996387718242023,1,0,1-0,1.0,88.945667,88.945667,0,,0.5996387718242023,,-3.0,0.0,49.5,0.0,,,,,False
2026-09-12T13:35:26Z,SCHEDULED_FULL,86457f91112732f21ad4bb7d37bd291c,odds_86457f91112732f21ad4bb7d37bd291c,,,2026-10-12T00:20:00Z,42404.55090555,BAL,ATL,2,1,0.35527082119976705,0.35527082119976705,0.0,0.0,0.0,BAL,0.644729178800233,0,1,0-1,1.0,89.945667,90.945667,0,,0.35527082119976705,,4.5,0.0,48.5,0.0,,,,,False
2026-09-12T13:35:26Z,SCHEDULED_FULL,57418b2cf5aca558b3c98eafac1e264a,odds_57418b2cf5aca558b3c98eafac1e264a,,,2026-10-18T13:30:00Z,51834.55090555,HOU,JAX,2,1,0.5043297540699688,0.5043297540699688,0.0,0.0,0.0,JAX,0.5043297540699688,1,0,1-0,1.0,89.945667,90.945667,0,,0.5043297540699688,,0.0,3.0,42.0,1.0,,,,,False
2026-09-12T13:35:26Z,SCHEDULED_FULL,7c312fdf24fb35f58b0e07c2932cc997,odds_7c312fdf24fb35f58b0e07c2932cc997,,,2026-10-18T17:00:00Z,52044.55090555,CHI,ATL,1,1,0.4170073589533933,0.4170073589533933,0.0,0.0,0.0,CHI,0.5829926410466066,0,1,0-1,1.0,88.945667,88.945667,0,,0.4170073589533933,,3.0,0.0,47.5,0.0,,,,,False
2026-09-12T13:35:26Z,SCHEDULED_FULL,e86227938fd3cf008fc5648fb5128344,odds_e86227938fd3cf008fc5648fb5128344,,,2026-10-18T17:00:00Z,52044.55090555,BAL,CLE,1,1,0.31460674157303364,0.31460674157303364,0.0,0.0,0.0,BAL,0.6853932584269664,0,1,0-1,1.0,88.945667,88.945667,0,,0.31460674157303364,,6.5,0.0,44.5,0.0,,,,,False
2026-09-12T13:35:26Z,SCHEDULED_FULL,caca2d752fe1a1779029082e95332fcc,odds_caca2d752fe1a1779029082e95332fcc,,,2026-10-18T17:00:00Z,52044.55090555,CAR,PHI,2,1,0.705033164260632,0.705033164260632,0.0,0.0,0.0,PHI,0.705033164260632,1,0,1-0,1.0,89.945667,90.945667,0,,0.705033164260632,,-6.5,0.0,43.5,0.0,,,,,False
2026-09-12T13:35:26Z,SCHEDULED_FULL,84aa9e190e625d7e9cd67e1f157a45b4,odds_84aa9e190e625d7e9cd67e1f157a45b4,,,2026-10-18T17:00:00Z,52044.55090555,TEN,IND,2,1,0.6369041816941223,0.6369041816941223,0.0,0.0,0.0,IND,0.6369041816941223,1,0,1-0,1.0,89.945667,90.945667,0,,0.6369041816941223,,-3.5,0.0,48.0,1.0,,,,,False
2026-09-12T13:35:26Z,SCHEDULED_FULL,1cf74afd313e9fd300e1462012b174cb,odds_1cf74afd313e9fd300e1462012b174cb,,,2026-10-18T17:00:00Z,52044.55090555,NO,NYG,2,1,0.5634920634920635,0.5634920634920635,0.0,0.0,0.0,NYG,0.5634920634920635,1,0,1-0,1.0,89.945667,90.945667,0,,0.5634920634920635,,-2.5,0.0,45.0,1.0,,,,,False
2026-09-12T13:35:26Z,SCHEDULED_FULL,27f3994841ce8081c0b7349cf3d1e3d7,odds_27f3994841ce8081c0b7349cf3d1e3d7,,,2026-10-18T17:00:00Z,52044.55090555,PIT,TB,2,1,0.5324675324675325,0.5324675324675325,0.0,0.0,0.0,TB,0.5324675324675325,1,0,1-0,1.0,89.945667,90.945667,0,,0.5324675324675325,,-1.5,0.0,45.5,0.0,,,,,False
2026-09-12T13:35:26Z,SCHEDULED_FULL,45b2690b350ed45145c7a716b18e8e66,odds_45b2690b350ed45145c7a716b18e8e66,,,2026-10-18T20:25:00Z,52249.55090555,BUF,LV,1,1,0.299837925445705,0.299837925445705,0.0,0.0,0.0,BUF,0.700162074554295,0,1,0-1,1.0,88.945667,88.945667,0,,0.299837925445705,,6.5,0.0,47.5,0.0,,,,,False
2026-09-12T13:35:26Z,SCHEDULED_FULL,20fefae8c296247460ba5773caa42218,odds_20fefae8c296247460ba5773caa42218,,,2026-10-18T20:25:00Z,52249.55090555,LAC,KC,2,1,0.5634920634920635,0.5634920634920635,0.0,0.0,0.0,KC,0.5634920634920635,1,0,1-0,1.0,89.945667,90.945667,0,,0.5634920634920635,,-2.5,0.0,46.5,0.0,,,,,False
2026-09-12T13:35:26Z,SCHEDULED_FULL,82fd5a159fa130e67abab93a9537f70b,odds_82fd5a159fa130e67abab93a9537f70b,,,2026-10-19T00:20:00Z,52484.55090555,DAL,GB,2,1,0.6037569709421778,0.6037569709421778,0.0,0.0,0.0,GB,0.6037569709421778,1,0,1-0,1.0,89.945667,90.945667,0,,0.6037569709421778,,-3.0,0.0,51.5,0.0,,,,,False
2026-09-12T13:35:26Z,SCHEDULED_FULL,2e710ea5a306b614f0f966e3d78732f8,odds_2e710ea5a306b614f0f966e3d78732f8,,,2026-10-25T13:30:00Z,61914.55090555,PIT,NO,2,1,0.43650793650793646,0.43650793650793646,0.0,0.0,0.0,PIT,0.5634920634920635,0,1,0-1,1.0,89.945667,90.945667,0,,0.43650793650793646,,2.5,0.0,42.5,0.0,,,,,False
2026-09-12T13:35:26Z,SCHEDULED_FULL,550ec5290f935d311995affbcb0b5c79,odds_550ec5290f935d311995affbcb0b5c79,,,2026-10-25T17:00:00Z,62124.55090555,CIN,BAL,2,1,0.6164383561643836,0.6164383561643836,0.0,0.0,0.0,BAL,0.6164383561643836,1,0,1-0,1.0,89.945667,90.945667,0,,0.6164383561643836,,-3.5,0.0,52.0,1.0,,,,,False
2026-09-12T13:35:26Z,SCHEDULED_FULL,2823e986597c449ab94126cd5ed3fae9,odds_2823e986597c449ab94126cd5ed3fae9,,,2026-10-25T17:00:00Z,62124.55090555,TB,CAR,2,1,0.4675324675324675,0.4675324675324675,0.0,0.0,0.0,TB,0.5324675324675325,0,1,0-1,1.0,89.945667,90.945667,0,,0.4675324675324675,,1.5,0.0,45.5,0.0,,,,,False
2026-09-12T13:35:26Z,SCHEDULED_FULL,5dce18baccec5d3ad5fb3a3ce52f7619,odds_5dce18baccec5d3ad5fb3a3ce52f7619,,,2026-10-25T17:00:00Z,62124.55090555,CLE,TEN,1,1,0.551441114716549,0.551441114716549,0.0,0.0,0.0,TEN,0.551441114716549,1,0,1-0,1.0,88.945667,88.945667,0,,0.551441114716549,,-2.5,0.0,40.5,0.0,,,,,False
2026-09-12T13:35:26Z,SCHEDULED_FULL,2bba7fde6f97d0e54403d53676e4ab63,odds_2bba7fde6f97d0e54403d53676e4ab63,,,2026-10-25T17:00:00Z,62124.55090555,NYG,HOU,2,1,0.6750312469954812,0.6750312469954812,0.0,0.0,0.0,HOU,0.6750312469954812,1,0,1-0,1.0,89.945667,90.945667,0,,0.6750312469954812,,-5.5,0.0,43.5,0.0,,,,,False
2026-09-12T13:35:26Z,SCHEDULED_FULL,f3992ad4496724baf7dcd1ef58245d6b,odds_f3992ad4496724baf7dcd1ef58245d6b,,,2026-10-25T17:00:00Z,62124.55090555,IND,MIN,2,1,0.5634920634920635,0.5634920634920635,0.0,0.0,0.0,MIN,0.5634920634920635,1,0,1-0,1.0,89.945667,90.945667,0,,0.5634920634920635,,-2.75,0.5,47.0,1.0,,,,,False
2026-09-12T13:35:26Z,SCHEDULED_FULL,be5dd120ca08b43d647b6caa8953500a,odds_be5dd120ca08b43d647b6caa8953500a,,,2026-10-25T17:00:00Z,62124.55090555,MIA,NYJ,1,1,0.5634920634920635,0.5634920634920635,0.0,0.0,0.0,NYJ,0.5634920634920635,1,0,1-0,1.0,88.945667,88.945667,0,,0.5634920634920635,,-2.5,0.0,41.5,0.0,,,,,False
2026-09-12T13:35:26Z,SCHEDULED_FULL,436119bb3ccdaa6ed7808aa3ebd82b76,odds_436119bb3ccdaa6ed7808aa3ebd82b76,,,2026-10-25T20:05:00Z,62309.55090555,DEN,ARI,2,1,0.2428115015974441,0.2428115015974441,0.0,0.0,0.0,DEN,0.7571884984025559,0,1,0-1,1.0,89.945667,90.945667,0,,0.2428115015974441,,7.5,0.0,43.5,0.0,,,,,False
2026-09-12T13:35:26Z,SCHEDULED_FULL,e8e5715eefb6a9ce64765e9ddf49c0cc,odds_e8e5715eefb6a9ce64765e9ddf49c0cc,,,2026-10-25T20:25:00Z,62329.55090555,GB,DET,1,1,0.551441114716549,0.551441114716549,0.0,0.0,0.0,DET,0.551441114716549,1,0,1-0,1.0,88.945667,88.945667,0,,0.551441114716549,,-2.5,0.0,50.5,0.0,,,,,False
2026-09-12T13:35:26Z,SCHEDULED_FULL,4853610e63c246f2027a6a248e642c9a,odds_4853610e63c246f2027a6a248e642c9a,,,2026-10-27T00:15:00Z,63999.55090555,DAL,PHI,2,1,0.593369754159424,0.593369754159424,0.0,0.0,0.0,PHI,0.593369754159424,1,0,1-0,1.0,89.945667,90.945667,0,,0.593369754159424,,-3.0,0.0,48.5,0.0,,,,,False
2026-09-12T13:35:26Z,SCHEDULED_FULL,ab2865e9f2d4b012de8bc6fb6de11a7c,odds_ab2865e9f2d4b012de8bc6fb6de11a7c,,,2026-10-30T00:15:00Z,68319.55090555,CAR,GB,2,1,0.7440690150970525,0.7440690150970525,0.0,0.0,0.0,GB,0.7440690150970525,1,0,1-0,1.0,89.945667,90.945667,0,,0.7440690150970525,,-7.0,0.0,45.5,0.0,,,,,False
2026-09-12T13:35:26Z,SCHEDULED_FULL,9255ca8f32aea590d00aa57de79f6bb6,odds_9255ca8f32aea590d00aa57de79f6bb6,,,2026-11-01T18:00:00Z,72264.55090555,ARI,DAL,2,1,0.8081570996978852,0.8081570996978852,0.0,0.0,0.0,DAL,0.8081570996978852,1,0,1-0,1.0,89.945667,90.945667,0,,0.8081570996978852,,-10.5,0.0,48.5,2.0,,,,,False
2026-09-12T13:35:26Z,SCHEDULED_FULL,921859689f5f8b3b8b1caf4248bdb1ec,odds_921859689f5f8b3b8b1caf4248bdb1ec,,,2026-11-01T18:00:00Z,72264.55090555,ATL,TB,2,1,0.6574752261956054,0.6574752261956054,0.0,0.0,0.0,TB,0.6574752261956054,1,0,1-0,1.0,89.945667,90.945667,0,,0.6574752261956054,,-4.5,0.0,46.5,0.0,,,,,False
2026-09-12T13:35:26Z,SCHEDULED_FULL,c93c421e5fa46031a43162d111d981d0,odds_c93c421e5fa46031a43162d111d981d0,,,2026-11-01T18:00:00Z,72264.55090555,BAL,BUF,1,1,0.551441114716549,0.551441114716549,0.0,0.0,0.0,BUF,0.551441114716549,1,0,1-0,1.0,88.945667,88.945667,0,,0.551441114716549,,-2.5,0.0,51.5,0.0,,,,,False
2026-09-12T13:35:26Z,SCHEDULED_FULL,9c5d8f57e0ba0fbd9ef436c1f0898f99,odds_9c5d8f57e0ba0fbd9ef436c1f0898f99,,,2026-11-01T18:00:00Z,72264.55090555,TEN,CIN,2,1,0.7135512302607419,0.7135512302607419,0.0,0.0,0.0,CIN,0.7135512302607419,1,0,1-0,1.0,89.945667,90.945667,0,,0.7135512302607419,,-6.5,0.0,49.5,0.0,,,,,False
2026-09-12T13:35:26Z,SCHEDULED_FULL,ab5ab731ab655bd6308bc7a922275518,odds_ab5ab731ab655bd6308bc7a922275518,,,2026-11-01T18:00:00Z,72264.55090555,CLE,PIT,1,1,0.690792883054068,0.690792883054068,0.0,0.0,0.0,PIT,0.690792883054068,1,0,1-0,1.0,88.945667,88.945667,0,,0.690792883054068,,-6.0,0.0,39.5,0.0,,,,,False
2026-09-12T13:35:26Z,SCHEDULED_FULL,52e7ee9c42525e6deec02da32dc2fad8,odds_52e7ee9c42525e6deec02da32dc2fad8,,,2026-11-01T18:00:00Z,72264.55090555,MIN,DET,1,1,0.6636481241914618,0.6636481241914618,0.0,0.0,0.0,DET,0.6636481241914618,1,0,1-0,1.0,88.945667,88.945667,0,,0.6636481241914618,,-4.5,0.0,47.5,0.0,,,,,False
2026-09-12T13:35:26Z,SCHEDULED_FULL,159dbf0253dd2038eda2212f84387f0c,odds_159dbf0253dd2038eda2212f84387f0c,,,2026-11-01T18:00:00Z,72264.55090555,IND,JAX,2,1,0.6636481241914618,0.6636481241914618,0.0,0.0,0.0,JAX,0.6636481241914618,1,0,1-0,1.0,89.945667,90.945667,0,,0.6636481241914618,,-4.5,0.0,49.5,0.0,,,,,False
2026-09-12T13:35:26Z,SCHEDULED_FULL,98f1b121b793977434c046e76c707145,odds_98f1b121b793977434c046e76c707145,,,2026-11-01T18:00:00Z,72264.55090555,LV,NYJ,1,1,0.5260865852617197,0.5260865852617197,0.0,0.0,0.0,NYJ,0.5260865852617197,1,0,1-0,1.0,88.945667,88.945667,0,,0.5260865852617197,,-1.5,0.0,40.5,0.0,,,,,False
2026-09-12T13:35:26Z,SCHEDULED_FULL,f2a036d5edf483a277880014861e78ad,odds_f2a036d5edf483a277880014861e78ad,,,2026-11-01T21:25:00Z,72469.55090555,KC,DEN,2,1,0.5324675324675325,0.5324675324675325,0.0,0.0,0.0,DEN,0.5324675324675325,1,0,1-0,1.0,89.945667,90.945667,0,,0.5324675324675325,,-1.5,0.0,43.5,0.0,,,,,False
2026-09-12T13:35:26Z,SCHEDULED_FULL,b9c60db63b1a19ad319f24b33c0defe8,odds_b9c60db63b1a19ad319f24b33c0defe8,,,2026-11-02T01:20:00Z,72704.55090555,PHI,WAS,2,1,0.4675324675324675,0.4675324675324675,0.0,0.0,0.0,PHI,0.5324675324675325,0,1,0-1,1.0,89.945667,90.945667,0,,0.4675324675324675,,2.0,1.0,46.5,0.0,,,,,False
2026-09-12T13:35:26Z,SCHEDULED_FULL,c75744790b7acf6260c78ba5e739c0e5,odds_c75744790b7acf6260c78ba5e739c0e5,,,2026-11-06T01:15:00Z,78459.55090555,JAX,BAL,2,1,0.644729178800233,0.644729178800233,0.0,0.0,0.0,BAL,0.644729178800233,1,0,1-0,1.0,89.945667,90.945667,0,,0.644729178800233,,-4.5,0.0,49.5,0.0,,,,,False
2026-09-12T13:35:26Z,SCHEDULED_FULL,dc56d980f527ffeef89940133b211b13,odds_dc56d980f527ffeef89940133b211b13,,,2026-11-08T14:30:00Z,82134.55090555,CIN,ATL,2,1,0.33099297893681046,0.33099297893681046,0.0,0.0,0.0,CIN,0.6690070210631895,0,1,0-1,1.0,89.945667,90.945667,0,,0.33099297893681046,,5.0,1.0,49.0,1.0,,,,,False
2026-09-12T13:35:26Z,SCHEDULED_FULL,014282b888c741b7d70c857c09f40aa7,odds_014282b888c741b7d70c857c09f40aa7,,,2026-11-08T18:00:00Z,82344.55090555,DEN,CAR,2,1,0.4066302458405761,0.4066302458405761,0.0,0.0,0.0,DEN,0.5933697541594238,0,1,0-1,1.0,89.945667,90.945667,0,,0.4066302458405761,,3.0,0.0,42.5,0.0,,,,,False
2026-09-12T13:35:26Z,SCHEDULED_FULL,e571bab6736f9338130a78a4f75c3231,odds_e571bab6736f9338130a78a4f75c3231,,,2026-11-08T18:00:00Z,82344.55090555,CLE,NO,1,1,0.6369041816941223,0.6369041816941223,0.0,0.0,0.0,NO,0.6369041816941223,1,0,1-0,1.0,88.945667,88.945667,0,,0.6369041816941223,,-3.5,0.0,41.5,0.0,,,,,False
2026-09-12T13:35:26Z,SCHEDULED_FULL,415fc42e72888c63e82f7bce24c65391,odds_415fc42e72888c63e82f7bce24c65391,,,2026-11-08T18:00:00Z,82344.55090555,DAL,IND,2,1,0.4675324675324675,0.4675324675324675,0.0,0.0,0.0,DAL,0.5324675324675325,0,1,0-1,1.0,89.945667,90.945667,0,,0.4675324675324675,,1.5,0.0,52.5,0.0,,,,,False
2026-09-12T13:35:26Z,SCHEDULED_FULL,44d8c37868b700e90f816db7c5df5cdd,odds_44d8c37868b700e90f816db7c5df5cdd,,,2026-11-08T18:00:00Z,82344.55090555,DET,MIA,1,1,0.2949668357393679,0.2949668357393679,0.0,0.0,0.0,DET,0.7050331642606321,0,1,0-1,1.0,88.945667,88.945667,0,,0.2949668357393679,,6.5,0.0,47.5,0.0,,,,,False
2026-09-12T13:35:26Z,SCHEDULED_FULL,e354e6a04b1cb9c96e549b863debb92e,odds_e354e6a04b1cb9c96e549b863debb92e,,,2026-11-08T18:00:00Z,82344.55090555,NYJ,KC,1,1,0.7867435158501441,0.7867435158501441,0.0,0.0,0.0,KC,0.7867435158501441,1,0,1-0,1.0,88.945667,88.945667,0,,0.7867435158501441,,-9.5,0.0,41.5,0.0,,,,,False
2026-09-12T13:35:26Z,SCHEDULED_FULL,fe93e6ab1e553c0169936a0a983c324f,odds_fe93e6ab1e553c0169936a0a983c324f,,,2026-11-08T18:00:00Z,82344.55090555,NYG,PHI,2,1,0.6750312469954812,0.6750312469954812,0.0,0.0,0.0,PHI,0.6750312469954812,1,0,1-0,1.0,89.945667,90.945667,0,,0.6750312469954812,,-5.5,0.0,44.5,0.0,,,,,False
2026-09-12T13:35:26Z,SCHEDULED_FULL,39aeac43cea7b12558b91cdab1255a10,odds_39aeac43cea7b12558b91cdab1255a10,,,2026-11-08T21:05:00Z,82529.55090555,HOU,LAC,2,1,0.551441114716549,0.551441114716549,0.0,0.0,0.0,LAC,0.551441114716549,1,0,1-0,1.0,89.945667,90.945667,0,,0.551441114716549,,-2.0,1.0,43.5,0.0,,,,,False
2026-09-12T13:35:26Z,SCHEDULED_FULL,9760d8f19f84bfee300a74ceb656c95d,odds_9760d8f19f84bfee300a74ceb656c95d,,,2026-11-09T01:20:00Z,82784.55090555,TB,CHI,1,1,0.6309403437815976,0.6309403437815976,0.0,0.0,0.0,CHI,0.6309403437815976,1,0,1-0,1.0,88.945667,88.945667,0,,0.6309403437815976,,-3.5,0.0,48.5,0.0,,,,,False
2026-09-12T13:35:26Z,SCHEDULED_FULL,17ad7eff2f7875e20a8109abe40470e3,odds_17ad7eff2f7875e20a8109abe40470e3,,,2026-11-10T01:15:00Z,84219.55090555,BUF,MIN,1,1,0.3962430290578221,0.3962430290578221,0.0,0.0,0.0,BUF,0.603756970942178,0,1,0-1,1.0,88.945667,88.945667,0,,0.3962430290578221,,3.0,0.0,48.5,0.0,,,,,False
2026-09-12T13:35:26Z,SCHEDULED_FULL,74d39e19225caf211ad2c8eb4110179f,odds_74d39e19225caf211ad2c8eb4110179f,,,2026-11-13T01:15:00Z,88539.55090555,WAS,NYG,1,1,0.5260865852617197,0.5260865852617197,0.0,0.0,0.0,NYG,0.5260865852617197,1,0,1-0,1.0,88.945667,88.945667,0,,0.5260865852617197,,-1.5,0.0,47.5,0.0,,,,,False
2026-09-12T13:35:26Z,SCHEDULED_FULL,3c71d515b726f1096aabb435badb83fd,odds_3c71d515b726f1096aabb435badb83fd,,,2026-11-15T18:00:00Z,92424.55090555,KC,ATL,1,1,0.33099297893681046,0.33099297893681046,0.0,0.0,0.0,KC,0.6690070210631895,0,1,0-1,1.0,88.945667,88.945667,0,,0.33099297893681046,,4.5,0.0,45.5,0.0,,,,,False
2026-09-12T13:35:26Z,SCHEDULED_FULL,1057d50949844ddf483da9c8c20354be,odds_1057d50949844ddf483da9c8c20354be,,,2026-11-15T18:00:00Z,92424.55090555,BUF,NYJ,1,1,0.2559309849029475,0.2559309849029475,0.0,0.0,0.0,BUF,0.7440690150970525,0,1,0-1,1.0,88.945667,88.945667,0,,0.2559309849029475,,7.0,0.0,46.5,0.0,,,,,False
2026-09-12T13:35:26Z,SCHEDULED_FULL,e5aa20e1364dd639f042af1c2281bbe2,odds_e5aa20e1364dd639f042af1c2281bbe2,,,2026-11-15T18:00:00Z,92424.55090555,CAR,NO,2,1,0.5173641257162701,0.5173641257162701,0.0,0.0,0.0,NO,0.5173641257162701,1,0,1-0,1.0,89.945667,90.945667,0,,0.5173641257162701,,-1.5,0.0,43.5,0.0,,,,,False
2026-09-12T13:35:26Z,SCHEDULED_FULL,be0e03cc42fbc9b6962467b22c7bf9dd,odds_be0e03cc42fbc9b6962467b22c7bf9dd,,,2026-11-15T18:00:00Z,92424.55090555,HOU,CLE,1,1,0.35527082119976705,0.35527082119976705,0.0,0.0,0.0,HOU,0.644729178800233,0,1,0-1,1.0,88.945667,88.945667,0,,0.35527082119976705,,4.5,0.0,38.5,0.0,,,,,False
2026-09-12T13:35:26Z,SCHEDULED_FULL,5d8d85473b87f772a979ecf294acab94,odds_5d8d85473b87f772a979ecf294acab94,,,2026-11-15T18:00:00Z,92424.55090555,MIN,GB,2,1,0.6750312469954812,0.6750312469954812,0.0,0.0,0.0,GB,0.6750312469954812,1,0,1-0,1.0,89.945667,90.945667,0,,0.6750312469954812,,-4.5,0.0,45.5,0.0,,,,,False
2026-09-12T13:35:26Z,SCHEDULED_FULL,b5700b4d938fd94429f60d4622cc9c0a,odds_b5700b4d938fd94429f60d4622cc9c0a,,,2026-11-15T18:00:00Z,92424.55090555,MIA,IND,1,1,0.7220792588780237,0.7220792588780237,0.0,0.0,0.0,IND,0.7220792588780237,1,0,1-0,1.0,88.945667,88.945667,0,,0.7220792588780237,,-6.5,0.0,47.5,0.0,,,,,False
2026-09-12T13:35:26Z,SCHEDULED_FULL,28800df7e768ecec14f116454d560f9b,odds_28800df7e768ecec14f116454d560f9b,,,2026-11-15T18:00:00Z,92424.55090555,JAX,TEN,2,1,0.448558885283451,0.448558885283451,0.0,0.0,0.0,JAX,0.551441114716549,0,1,0-1,1.0,89.945667,90.945667,0,,0.448558885283451,,2.5,0.0,45.5,0.0,,,,,False
2026-09-12T13:35:26Z,SCHEDULED_FULL,48e497c230e6c9afcb3b600091d28e17,odds_48e497c230e6c9afcb3b600091d28e17,,,2026-11-16T01:20:00Z,92864.55090555,PIT,CIN,2,1,0.6369041816941223,0.6369041816941223,0.0,0.0,0.0,CIN,0.6369041816941223,1,0,1-0,1.0,89.945667,90.945667,0,,0.6369041816941223,,-3.5,0.0,47.5,0.0,,,,,False
2026-09-12T13:35:26Z,SCHEDULED_FULL,35e3bdff558b5d1506251e814986f164,odds_35e3bdff558b5d1506251e814986f164,,,2026-11-17T01:15:00Z,94299.55090555,LAC,BAL,2,1,0.6164383561643836,0.6164383561643836,0.0,0.0,0.0,BAL,0.6164383561643836,1,0,1-0,1.0,89.945667,90.945667,0,,0.6164383561643836,,-3.0,1.0,48.0,1.0,,,,,False
2026-09-12T13:35:26Z,SCHEDULED_FULL,66f9e83cf025d58acee12bce18661fb3,odds_66f9e83cf025d58acee12bce18661fb3,,,2026-11-20T01:15:00Z,98619.55090555,IND,HOU,1,1,0.6750312469954812,0.6750312469954812,0.0,0.0,0.0,HOU,0.6750312469954812,1,0,1-0,1.0,88.945667,88.945667,0,,0.6750312469954812,,-5.5,0.0,45.5,0.0,,,,,False
2026-09-12T13:35:26Z,SCHEDULED_FULL,403a88701352da05b0710a9e883b803e,odds_403a88701352da05b0710a9e883b803e,,,2026-11-22T18:00:00Z,102504.55090555,ARI,KC,2,1,0.8223350253807106,0.8223350253807106,0.0,0.0,0.0,KC,0.8223350253807106,1,0,1-0,1.0,89.945667,90.945667,0,,0.8223350253807106,,-11.5,0.0,44.5,0.0,,,,,False
2026-09-12T13:35:26Z,SCHEDULED_FULL,4527f57f5bc32742d8194af1ccf7da7e,odds_4527f57f5bc32742d8194af1ccf7da7e,,,2026-11-22T18:00:00Z,102504.55090555,BAL,CAR,2,1,0.34252477380439467,0.34252477380439467,0.0,0.0,0.0,BAL,0.6574752261956054,0,1,0-1,1.0,89.945667,90.945667,0,,0.34252477380439467,,4.5,0.0,46.5,0.0,,,,,False
2026-09-12T13:35:26Z,SCHEDULED_FULL,4c5b1c0843a260278e95eb93e7787576,odds_4c5b1c0843a260278e95eb93e7787576,,,2026-11-22T18:00:00Z,102504.55090555,MIA,BUF,1,1,0.8316498316498315,0.8316498316498315,0.0,0.0,0.0,BUF,0.8316498316498315,1,0,1-0,1.0,88.945667,88.945667,0,,0.8316498316498315,,-11.5,0.0,47.5,0.0,,,,,False
2026-09-12T13:35:26Z,SCHEDULED_FULL,3ea90704fb576633bd1e2fa5aafd9ea3,odds_3ea90704fb576633bd1e2fa5aafd9ea3,,,2026-11-22T18:00:00Z,102504.55090555,NO,CHI,1,1,0.7135512302607419,0.7135512302607419,0.0,0.0,0.0,CHI,0.7135512302607419,1,0,1-0,1.0,88.945667,88.945667,0,,0.7135512302607419,,-6.5,0.0,46.5,0.0,,,,,False
2026-09-12T13:35:26Z,SCHEDULED_FULL,5e63079b678f8c13419adc169fff02d3,odds_5e63079b678f8c13419adc169fff02d3,,,2026-11-22T18:00:00Z,102504.55090555,TEN,DAL,1,1,0.7095435684647302,0.7095435684647302,0.0,0.0,0.0,DAL,0.7095435684647302,1,0,1-0,1.0,88.945667,88.945667,0,,0.7095435684647302,,-6.5,0.0,48.5,0.0,,,,,False
2026-09-12T13:35:26Z,SCHEDULED_FULL,41e2dd69bddd65d7e823d9ed61cc2afc,odds_41e2dd69bddd65d7e823d9ed61cc2afc,,,2026-11-22T18:00:00Z,102504.55090555,TB,DET,1,1,0.6574752261956054,0.6574752261956054,0.0,0.0,0.0,DET,0.6574752261956054,1,0,1-0,1.0,88.945667,88.945667,0,,0.6574752261956054,,-4.5,0.0,49.5,0.0,,,,,False
2026-09-12T13:35:26Z,SCHEDULED_FULL,8ba112fabf4e87639338a5f437c5abfe,odds_8ba112fabf4e87639338a5f437c5abfe,,,2026-11-22T18:00:00Z,102504.55090555,JAX,NYG,1,1,0.4739134147382802,0.4739134147382802,0.0,0.0,0.0,JAX,0.5260865852617198,0,1,0-1,1.0,88.945667,88.945667,0,,0.4739134147382802,,1.5,0.0,46.5,0.0,,,,,False
2026-09-12T13:35:26Z,SCHEDULED_FULL,4b20b742b6168aaca4f25d87f11b1526,odds_4b20b742b6168aaca4f25d87f11b1526,,,2026-11-22T21:05:00Z,102689.55090555,NYJ,LAC,1,1,0.7768331562167907,0.7768331562167907,0.0,0.0,0.0,LAC,0.7768331562167907,1,0,1-0,1.0,88.945667,88.945667,0,,0.7768331562167907,,-9.5,0.0,41.5,0.0,,,,,False
2026-09-12T13:35:26Z,SCHEDULED_FULL,1940706a79cbcbafacdcbf231069716b,odds_1940706a79cbcbafacdcbf231069716b,,,2026-11-22T21:25:00Z,102709.55090555,LV,DEN,1,1,0.740871613663133,0.740871613663133,0.0,0.0,0.0,DEN,0.740871613663133,1,0,1-0,1.0,88.945667,88.945667,0,,0.740871613663133,,-7.5,0.0,41.5,0.0,,,,,False
2026-09-12T13:35:26Z,SCHEDULED_FULL,cbe45bafcc2615fc1d96cbc12840377a,odds_cbe45bafcc2615fc1d96cbc12840377a,,,2026-11-22T21:25:00Z,102709.55090555,PIT,PHI,2,1,0.6750312469954812,0.6750312469954812,0.0,0.0,0.0,PHI,0.6750312469954812,1,0,1-0,1.0,89.945667,90.945667,0,,0.6750312469954812,,-5.5,0.0,42.5,0.0,,,,,False
2026-09-12T13:35:26Z,SCHEDULED_FULL,3a60ed1d20004aa4d4772b2c1a2272e7,odds_3a60ed1d20004aa4d4772b2c1a2272e7,,,2026-11-24T01:15:00Z,104379.55090555,CIN,WAS,2,1,0.4739134147382802,0.4739134147382802,0.0,0.0,0.0,CIN,0.5260865852617198,0,1,0-1,1.0,89.945667,90.945667,0,,0.4739134147382802,,1.5,0.0,52.5,0.0,,,,,False
2026-09-12T13:35:26Z,SCHEDULED_FULL,9b825e6518156008da499be041975fdd,odds_9b825e6518156008da499be041975fdd,,,2026-11-26T18:00:00Z,108264.55090555,CHI,DET,1,1,0.5634920634920635,0.5634920634920635,0.0,0.0,0.0,DET,0.5634920634920635,1,0,1-0,1.0,88.945667,88.945667,0,,0.5634920634920635,,-2.5,0.0,52.5,0.0,,,,,False
2026-09-12T13:35:26Z,SCHEDULED_FULL,ffaa06af56a7137d4b078c5c46c0b730,odds_ffaa06af56a7137d4b078c5c46c0b730,,,2026-11-26T20:30:00Z,108414.55090555,PHI,DAL,3,1,0.5324675324675325,0.5324675324675325,0.0,0.0,0.0,DAL,0.5324675324675325,1,0,1-0,1.0,55.945667,88.945667,0,,0.5324675324675325,,-1.0,0.5,49.5,0.0,,,,,False
2026-09-12T13:35:26Z,SCHEDULED_FULL,f36f518585aec40e8cb40e071c0844aa,odds_f36f518585aec40e8cb40e071c0844aa,,,2026-11-27T01:20:00Z,108704.55090555,KC,BUF,1,1,0.5720596355604638,0.5720596355604638,0.0,0.0,0.0,BUF,0.5720596355604638,1,0,1-0,1.0,88.945667,88.945667,0,,0.5720596355604638,,-2.5,0.0,50.5,0.0,,,,,False
2026-09-12T13:35:26Z,SCHEDULED_FULL,44a3bcf5bd002583ddef2207a92dd977,odds_44a3bcf5bd002583ddef2207a92dd977,,,2026-11-27T20:00:00Z,109824.55090555,DEN,PIT,1,1,0.4739134147382802,0.4739134147382802,0.0,0.0,0.0,DEN,0.5260865852617198,0,1,0-1,1.0,88.945667,88.945667,0,,0.4739134147382802,,1.5,0.0,39.5,0.0,,,,,False
2026-09-12T13:35:26Z,SCHEDULED_FULL,6a05021bdb6bab24b9bb381ffff10f0c,odds_6a05021bdb6bab24b9bb381ffff10f0c,,,2026-11-29T18:00:00Z,112584.55090555,ATL,MIN,1,1,0.6574752261956054,0.6574752261956054,0.0,0.0,0.0,MIN,0.6574752261956054,1,0,1-0,1.0,88.945667,88.945667,0,,0.6574752261956054,,-4.5,0.0,43.5,0.0,,,,,False
2026-09-12T13:35:26Z,SCHEDULED_FULL,60d0c074801985c1062795362a24200e,odds_60d0c074801985c1062795362a24200e,,,2026-11-29T18:00:00Z,112584.55090555,BAL,HOU,1,1,0.5260865852617197,0.5260865852617197,0.0,0.0,0.0,HOU,0.5260865852617197,1,0,1-0,1.0,87.945667,87.945667,0,,0.5260865852617197,,-1.5,0.0,45.5,0.0,,,,,False
2026-09-12T13:35:26Z,SCHEDULED_FULL,f7d3ae7a8fe2438cef7d7d7bc67e31db,odds_f7d3ae7a8fe2438cef7d7d7bc67e31db,,,2026-11-29T18:00:00Z,112584.55090555,NO,CIN,2,1,0.7135512302607419,0.7135512302607419,0.0,0.0,0.0,CIN,0.7135512302607419,1,0,1-0,1.0,89.945667,90.945667,0,,0.7135512302607419,,-6.5,0.0,48.5,0.0,,,,,False
2026-09-12T13:35:26Z,SCHEDULED_FULL,eaa993c3d62d6b5aeb6142cdd7862fd5,odds_eaa993c3d62d6b5aeb6142cdd7862fd5,,,2026-11-29T18:00:00Z,112584.55090555,LV,CLE,1,1,0.5260865852617197,0.5260865852617197,0.0,0.0,0.0,CLE,0.5260865852617197,1,0,1-0,1.0,88.945667,88.945667,0,,0.5260865852617197,,-1.5,0.0,39.5,0.0,,,,,False
2026-09-12T13:35:26Z,SCHEDULED_FULL,e9da808e36e1b7475698a57465ad4519,odds_e9da808e36e1b7475698a57465ad4519,,,2026-11-29T18:00:00Z,112584.55090555,NYG,IND,1,1,0.551441114716549,0.551441114716549,0.0,0.0,0.0,IND,0.551441114716549,1,0,1-0,1.0,87.945667,87.945667,0,,0.551441114716549,,-2.5,0.0,47.5,0.0,,,,,False
2026-09-12T13:35:26Z,SCHEDULED_FULL,81a8fee5b649a3ad5ad59e9528f2f376,odds_81a8fee5b649a3ad5ad59e9528f2f376,,,2026-11-29T18:00:00Z,112584.55090555,TEN,JAX,2,1,0.6750312469954812,0.6750312469954812,0.0,0.0,0.0,JAX,0.6750312469954812,1,0,1-0,1.0,89.945667,90.945667,0,,0.6750312469954812,,-5.5,0.0,45.5,0.0,,,,,False
2026-09-12T13:35:26Z,SCHEDULED_FULL,5ea0e3ea5944b0ad5169f21c0787b331,odds_5ea0e3ea5944b0ad5169f21c0787b331,,,2026-11-29T18:00:00Z,112584.55090555,NYJ,MIA,1,1,0.5324675324675325,0.5324675324675325,0.0,0.0,0.0,MIA,0.5324675324675325,1,0,1-0,1.0,88.945667,88.945667,0,,0.5324675324675325,,-1.5,0.0,40.5,0.0,,,,,False
2026-09-12T13:35:26Z,SCHEDULED_FULL,69a1dbe9de3d3212c3a7a55be5d204ab,odds_69a1dbe9de3d3212c3a7a55be5d204ab,,,2026-11-29T21:25:00Z,112789.55090555,WAS,ARI,2,1,0.34252477380439467,0.34252477380439467,0.0,0.0,0.0,WAS,0.6574752261956054,0,1,0-1,1.0,89.445667,90.945667,0,,0.34252477380439467,,4.5,0.0,47.5,0.0,,,,,False
2026-09-12T13:35:26Z,SCHEDULED_FULL,2cdaecba7c0bff9b58a48a82e6ee17a7,odds_2cdaecba7c0bff9b58a48a82e6ee17a7,,,2026-12-01T01:15:00Z,114459.55090555,CAR,TB,2,1,0.6369041816941223,0.6369041816941223,0.0,0.0,0.0,TB,0.6369041816941223,1,0,1-0,1.0,89.445667,90.945667,0,,0.6369041816941223,,-3.5,0.0,44.5,0.0,,,,,False
2026-09-12T13:35:26Z,SCHEDULED_FULL,c94419ba8fb818fc36a5b21b526aab75,odds_c94419ba8fb818fc36a5b21b526aab75,,,2026-12-06T18:00:00Z,122664.55090555,DET,ATL,1,1,0.3775334481388264,0.3775334481388264,0.0,0.0,0.0,DET,0.6224665518611736,0,1,0-1,1.0,87.945667,87.945667,0,,0.3775334481388264,,3.5,0.0,48.5,0.0,,,,,False
2026-09-12T13:35:26Z,SCHEDULED_FULL,0236f9aa68d65ea03bd1ca025b749c20,odds_0236f9aa68d65ea03bd1ca025b749c20,,,2026-12-06T18:00:00Z,122664.55090555,JAX,CHI,1,1,0.5829926410466066,0.5829926410466066,0.0,0.0,0.0,CHI,0.5829926410466066,1,0,1-0,1.0,87.945667,87.945667,0,,0.5829926410466066,,-3.0,0.0,47.5,0.0,,,,,False
2026-09-12T13:35:26Z,SCHEDULED_FULL,b447fab53534af892f98a74eae26c1c6,odds_b447fab53534af892f98a74eae26c1c6,,,2026-12-06T18:00:00Z,122664.55090555,CIN,CLE,1,1,0.34252477380439467,0.34252477380439467,0.0,0.0,0.0,CIN,0.6574752261956054,0,1,0-1,1.0,87.945667,87.945667,0,,0.34252477380439467,,4.5,0.0,45.5,0.0,,,,,False
2026-09-12T13:35:26Z,SCHEDULED_FULL,9a55467e1cd6310ae2af20d8154612e1,odds_9a55467e1cd6310ae2af20d8154612e1,,,2026-12-06T18:00:00Z,122664.55090555,MIA,DEN,1,1,0.7913616398243045,0.7913616398243045,0.0,0.0,0.0,DEN,0.7913616398243045,1,0,1-0,1.0,87.945667,87.945667,0,,0.7913616398243045,,-9.5,0.0,42.5,0.0,,,,,False
2026-09-12T13:35:26Z,SCHEDULED_FULL,1ccb61b811b7aae4270df22a67e6459f,odds_1ccb61b811b7aae4270df22a67e6459f,,,2026-12-06T18:00:00Z,122664.55090555,GB,NO,2,1,0.33635187580853815,0.33635187580853815,0.0,0.0,0.0,GB,0.6636481241914618,0,1,0-1,1.0,89.445667,90.945667,0,,0.33635187580853815,,4.5,0.0,45.5,0.0,,,,,False
2026-09-12T13:35:26Z,SCHEDULED_FULL,f8a92363386bd337975650879086cca6,odds_f8a92363386bd337975650879086cca6,,,2026-12-06T18:00:00Z,122664.55090555,LAC,TB,2,1,0.448558885283451,0.448558885283451,0.0,0.0,0.0,LAC,0.551441114716549,0,1,0-1,1.0,89.445667,90.945667,0,,0.448558885283451,,2.0,1.0,46.5,0.0,,,,,False
2026-09-12T13:35:26Z,SCHEDULED_FULL,ae3429e95ee704c7fd001cade20072d0,odds_ae3429e95ee704c7fd001cade20072d0,,,2026-12-06T18:00:00Z,122664.55090555,WAS,TEN,2,1,0.4675324675324675,0.4675324675324675,0.0,0.0,0.0,WAS,0.5324675324675325,0,1,0-1,1.0,89.445667,90.945667,0,,0.4675324675324675,,1.5,0.0,46.5,0.0,,,,,False
2026-09-12T13:35:26Z,SCHEDULED_FULL,f4897f48a5351881280f7598bd826408,odds_f4897f48a5351881280f7598bd826408,,,2026-12-06T21:05:00Z,122849.55090555,PHI,ARI,2,1,0.23409789548356585,0.23409789548356585,0.0,0.0,0.0,PHI,0.7659021045164341,0,1,0-1,1.0,89.445667,90.945667,0,,0.23409789548356585,,8.5,0.0,43.5,0.0,,,,,False
2026-09-12T13:35:26Z,SCHEDULED_FULL,c186c605febd6370b292469c9151cfb3,odds_c186c605febd6370b292469c9151cfb3,,,2026-12-06T21:25:00Z,122869.55090555,CAR,MIN,2,1,0.6309403437815976,0.6309403437815976,0.0,0.0,0.0,MIN,0.6309403437815976,1,0,1-0,1.0,89.445667,90.945667,0,,0.6309403437815976,,-3.5,0.0,42.5,0.0,,,,,False
2026-09-12T13:35:26Z,SCHEDULED_FULL,26bf8e165d2d273ed0772a355f07ab16,odds_26bf8e165d2d273ed0772a355f07ab16,,,2026-12-07T01:20:00Z,123104.55090555,HOU,PIT,1,1,0.4739134147382802,0.4739134147382802,0.0,0.0,0.0,HOU,0.5260865852617198,0,1,0-1,1.0,87.945667,87.945667,0,,0.4739134147382802,,1.5,0.0,41.5,0.0,,,,,False
2026-09-12T13:35:26Z,SCHEDULED_FULL,f7fba6b1804e02292ee0ce4738484258,odds_f7fba6b1804e02292ee0ce4738484258,,,2026-12-13T18:00:00Z,132744.55090555002,ATL,CLE,1,1,0.5260865852617197,0.5260865852617197,0.0,0.0,0.0,CLE,0.5260865852617197,1,0,1-0,1.0,87.945667,87.945667,0,,0.5260865852617197,,-1.5,0.0,40.5,0.0,,,,,False
2026-09-12T13:35:26Z,SCHEDULED_FULL,bec99e2f2b4c80e345731d69ee38d831,odds_bec99e2f2b4c80e345731d69ee38d831,,,2026-12-13T18:00:00Z,132744.55090555002,TB,BAL,2,1,0.690792883054068,0.690792883054068,0.0,0.0,0.0,BAL,0.690792883054068,1,0,1-0,1.0,89.445667,90.945667,0,,0.690792883054068,,-6.0,0.0,48.5,0.0,,,,,False
2026-09-12T13:35:26Z,SCHEDULED_FULL,dcc7b377d3b3ec990304612bbef47d3d,odds_dcc7b377d3b3ec990304612bbef47d3d,,,2026-12-13T18:00:00Z,132744.55090555002,NO,CAR,2,1,0.5634920634920635,0.5634920634920635,0.0,0.0,0.0,CAR,0.5634920634920635,1,0,1-0,1.0,89.445667,90.945667,0,,0.5634920634920635,,-2.5,0.0,43.5,0.0,,,,,False
2026-09-12T13:35:26Z,SCHEDULED_FULL,2c6added7199a59f1e9dae8492c29da4,odds_2c6added7199a59f1e9dae8492c29da4,,,2026-12-13T18:00:00Z,132744.55090555002,CHI,MIA,1,1,0.31460674157303364,0.31460674157303364,0.0,0.0,0.0,CHI,0.6853932584269664,0,1,0-1,1.0,87.945667,87.945667,0,,0.31460674157303364,,5.5,0.0,46.5,0.0,,,,,False
2026-09-12T13:35:26Z,SCHEDULED_FULL,5185ace33aebc87d39074147940f2fa5,odds_5185ace33aebc87d39074147940f2fa5,,,2026-12-13T18:00:00Z,132744.55090555002,DEN,NYJ,1,1,0.33099297893681046,0.33099297893681046,0.0,0.0,0.0,DEN,0.6690070210631895,0,1,0-1,1.0,87.945667,87.945667,0,,0.33099297893681046,,5.5,0.0,39.5,0.0,,,,,False
2026-09-12T13:35:26Z,SCHEDULED_FULL,a31f461ccd92e1072f23ccfae281ae9a,odds_a31f461ccd92e1072f23ccfae281ae9a,,,2026-12-13T18:00:00Z,132744.55090555002,TEN,DET,1,1,0.7508125677139762,0.7508125677139762,0.0,0.0,0.0,DET,0.7508125677139762,1,0,1-0,1.0,87.945667,87.945667,0,,0.7508125677139762,,-7.5,0.0,47.5,0.0,,,,,False
2026-09-12T13:35:26Z,SCHEDULED_FULL,5dc9cb8fba610d682dc670ae4e7d59f3,odds_5dc9cb8fba610d682dc670ae4e7d59f3,,,2026-12-13T18:00:00Z,132744.55090555002,HOU,WAS,1,1,0.4739134147382802,0.4739134147382802,0.0,0.0,0.0,HOU,0.5260865852617198,0,1,0-1,1.0,87.945667,87.945667,0,,0.4739134147382802,,1.5,0.0,44.5,0.0,,,,,False
2026-09-12T13:35:26Z,SCHEDULED_FULL,45203f985f8d1567ad19b0617dd267f8,odds_45203f985f8d1567ad19b0617dd267f8,,,2026-12-13T18:00:00Z,132744.55090555002,IND,PHI,2,1,0.6853932584269663,0.6853932584269663,0.0,0.0,0.0,PHI,0.6853932584269663,1,0,1-0,1.0,89.445667,90.945667,0,,0.6853932584269663,,-5.5,0.0,46.5,0.0,,,,,False
2026-09-12T13:35:26Z,SCHEDULED_FULL,484c491dc1dee090d740ba077b7d9709,odds_484c491dc1dee090d740ba077b7d9709,,,2026-12-13T21:05:00Z,132929.55090555002,LAC,LV,1,1,0.33099297893681046,0.33099297893681046,0.0,0.0,0.0,LAC,0.6690070210631895,0,1,0-1,1.0,87.945667,87.945667,0,,0.33099297893681046,,5.5,0.0,43.5,0.0,,,,,False
2026-09-12T13:35:26Z,SCHEDULED_FULL,180b5fa7ea6bd0d2d9ddb9ba5ee38cc0,odds_180b5fa7ea6bd0d2d9ddb9ba5ee38cc0,,,2026-12-13T21:25:00Z,132949.55090555002,KC,CIN,2,1,0.5324675324675325,0.5324675324675325,0.0,0.0,0.0,CIN,0.5324675324675325,1,0,1-0,1.0,89.445667,90.945667,0,,0.5324675324675325,,-1.5,0.0,48.5,0.0,,,,,False
2026-09-12T13:35:26Z,SCHEDULED_FULL,c4877c048defcb80e0ab37c0688f37f6,odds_c4877c048defcb80e0ab37c0688f37f6,,,2026-12-14T01:20:00Z,133184.55090555002,BUF,GB,1,1,0.5324675324675325,0.5324675324675325,0.0,0.0,0.0,GB,0.5324675324675325,1,0,1-0,1.0,87.945667,87.945667,0,,0.5324675324675325,,-1.5,0.0,49.5,0.0,,,,,False
2026-09-12T13:35:26Z,SCHEDULED_FULL,690e2ee2ed5f0875f7cbaecdc51373f5,odds_690e2ee2ed5f0875f7cbaecdc51373f5,,,2026-12-15T01:15:00Z,134619.55090555002,PIT,JAX,2,1,0.593369754159424,0.593369754159424,0.0,0.0,0.0,JAX,0.593369754159424,1,0,1-0,1.0,89.445667,90.945667,0,,0.593369754159424,,-3.0,0.0,44.5,0.0,,,,,False
2026-09-12T13:35:26Z,SCHEDULED_FULL,784568b1df055bf7eb8780c110d5e910,odds_784568b1df055bf7eb8780c110d5e910,,,2026-12-20T01:20:00Z,141824.55090555,CHI,BUF,1,1,0.6224665518611737,0.6224665518611737,0.0,0.0,0.0,BUF,0.6224665518611737,1,0,1-0,1.0,87.945667,87.945667,0,,0.6224665518611737,,-3.5,0.0,51.5,0.0,,,,,False
2026-09-12T13:35:26Z,SCHEDULED_FULL,5931eee49f5f2656a5344e1388a68816,odds_5931eee49f5f2656a5344e1388a68816,,,2026-12-20T18:00:00Z,142824.55090555,ATL,WAS,1,1,0.6224665518611737,0.6224665518611737,0.0,0.0,0.0,WAS,0.6224665518611737,1,0,1-0,1.0,87.945667,87.945667,0,,0.6224665518611737,,-3.5,0.0,46.5,0.0,,,,,False
2026-09-12T13:35:26Z,SCHEDULED_FULL,2f4b1899c1c278947920e0254b682d90,odds_2f4b1899c1c278947920e0254b682d90,,,2026-12-20T18:00:00Z,142824.55090555,BAL,PIT,2,1,0.42794036443953615,0.42794036443953615,0.0,0.0,0.0,BAL,0.5720596355604639,0,1,0-1,1.0,89.445667,90.945667,0,,0.42794036443953615,,2.5,0.0,46.0,1.0,,,,,False
2026-09-12T13:35:26Z,SCHEDULED_FULL,000fc688beb4fc004ecdad115d9adb1c,odds_000fc688beb4fc004ecdad115d9adb1c,,,2026-12-20T18:00:00Z,142824.55090555,CIN,CAR,2,1,0.42794036443953615,0.42794036443953615,0.0,0.0,0.0,CIN,0.5720596355604639,0,1,0-1,1.0,89.445667,90.945667,0,,0.42794036443953615,,2.5,0.0,47.5,0.0,,,,,False
2026-09-12T13:35:26Z,SCHEDULED_FULL,1cb23c83ae4af84cffcdae6b31d06e83,odds_1cb23c83ae4af84cffcdae6b31d06e83,,,2026-12-20T18:00:00Z,142824.55090555,CLE,NYG,1,1,0.6574752261956054,0.6574752261956054,0.0,0.0,0.0,NYG,0.6574752261956054,1,0,1-0,1.0,87.945667,87.945667,0,,0.6574752261956054,,-4.5,0.0,40.5,0.0,,,,,False
2026-09-12T13:35:26Z,SCHEDULED_FULL,99719df35bc2efdcc72096f865ed8841,odds_99719df35bc2efdcc72096f865ed8841,,,2026-12-20T18:00:00Z,142824.55090555,MIA,GB,1,1,0.8316498316498315,0.8316498316498315,0.0,0.0,0.0,GB,0.8316498316498315,1,0,1-0,1.0,87.945667,87.945667,0,,0.8316498316498315,,-10.5,0.0,45.5,0.0,,,,,False
2026-09-12T13:35:26Z,SCHEDULED_FULL,29211b6e78461220a2833184233f70e5,odds_29211b6e78461220a2833184233f70e5,,,2026-12-20T18:00:00Z,142824.55090555,JAX,HOU,1,1,0.5829926410466066,0.5829926410466066,0.0,0.0,0.0,HOU,0.5829926410466066,1,0,1-0,1.0,87.945667,87.945667,0,,0.5829926410466066,,-3.0,0.0,43.5,0.0,,,,,False
2026-09-12T13:35:26Z,SCHEDULED_FULL,3b696c07ff6a1ef461d023a73db17584,odds_3b696c07ff6a1ef461d023a73db17584,,,2026-12-20T18:00:00Z,142824.55090555,IND,TEN,2,1,0.4675324675324675,0.4675324675324675,0.0,0.0,0.0,IND,0.5324675324675325,0,1,0-1,1.0,89.445667,90.945667,0,,0.4675324675324675,,1.5,0.0,47.5,0.0,,,,,False
2026-09-12T13:35:26Z,SCHEDULED_FULL,e15a91cebf3480ff0b93b4fbacb09797,odds_e15a91cebf3480ff0b93b4fbacb09797,,,2026-12-20T18:00:00Z,142824.55090555,NO,TB,2,1,0.6309403437815976,0.6309403437815976,0.0,0.0,0.0,TB,0.6309403437815976,1,0,1-0,1.0,89.445667,90.945667,0,,0.6309403437815976,,-3.5,0.0,45.5,0.0,,,,,False
2026-09-12T13:35:26Z,SCHEDULED_FULL,d8cd12e7684fa2aa39f5b188ef6e62e0,odds_d8cd12e7684fa2aa39f5b188ef6e62e0,,,2026-12-20T21:05:00Z,143009.55090555,NYJ,ARI,1,1,0.5,0.5,0.0,0.0,0.0,ARI,0.5,0,0,0-0,0.0,87.945667,87.945667,0,,0.5,,-1.5,0.0,41.5,0.0,,,,,False
2026-09-12T13:35:26Z,SCHEDULED_FULL,9f507007b9c0a7082c1471a5fa841336,odds_9f507007b9c0a7082c1471a5fa841336,,,2026-12-20T21:25:00Z,143029.55090555,DEN,LV,1,1,0.35527082119976705,0.35527082119976705,0.0,0.0,0.0,DEN,0.644729178800233,0,1,0-1,1.0,87.945667,87.945667,0,,0.35527082119976705,,4.5,0.0,41.5,0.0,,,,,False
2026-09-12T13:35:26Z,SCHEDULED_FULL,b34897a0368d570291d44e176c0c2331,odds_b34897a0368d570291d44e176c0c2331,,,2026-12-21T01:20:00Z,143264.55090555,DET,MIN,1,1,0.4739134147382802,0.4739134147382802,0.0,0.0,0.0,DET,0.5260865852617198,0,1,0-1,1.0,87.945667,87.945667,0,,0.4739134147382802,,1.5,0.0,46.5,0.0,,,,,False
2026-09-12T13:35:26Z,SCHEDULED_FULL,3f226ec5402c6ec4d84a59be80c2fa67,odds_3f226ec5402c6ec4d84a59be80c2fa67,,,2026-12-25T01:15:00Z,149019.55090555,HOU,PHI,1,1,0.551441114716549,0.551441114716549,0.0,0.0,0.0,PHI,0.551441114716549,1,0,1-0,1.0,87.945667,87.945667,0,,0.551441114716549,,-2.5,0.0,37.5,0.0,,,,,False
2026-09-12T13:35:26Z,SCHEDULED_FULL,2828c07018dfafbe96aba205809cc7ac,odds_2828c07018dfafbe96aba205809cc7ac,,,2026-12-25T18:00:00Z,150024.55090555,GB,CHI,1,1,0.5173641257162701,0.5173641257162701,0.0,0.0,0.0,CHI,0.5173641257162701,1,0,1-0,1.0,87.945667,87.945667,0,,0.5173641257162701,,-1.5,0.0,47.5,0.0,,,,,False
2026-09-12T13:35:26Z,SCHEDULED_FULL,126f27c71e8130ef87de0d137e833d9b,odds_126f27c71e8130ef87de0d137e833d9b,,,2026-12-25T21:30:00Z,150234.55090555,BUF,DEN,1,1,0.4572564612326044,0.4572564612326044,0.0,0.0,0.0,BUF,0.5427435387673956,0,1,0-1,1.0,87.945667,87.945667,0,,0.4572564612326044,,1.5,0.0,46.5,0.0,,,,,False
2026-09-12T13:35:26Z,SCHEDULED_FULL,8fd00347b6d77ce384d83cba814430d7,odds_8fd00347b6d77ce384d83cba814430d7,,,2026-12-27T18:00:00Z,152904.55090555,ARI,NO,2,1,0.6805555555555556,0.6805555555555556,0.0,0.0,0.0,NO,0.6805555555555556,1,0,1-0,1.0,89.445667,90.945667,0,,0.6805555555555556,,-5.5,0.0,44.5,0.0,,,,,False
2026-09-12T13:35:26Z,SCHEDULED_FULL,bd13d00f06ad222b0a1b6ea4d0add763,odds_bd13d00f06ad222b0a1b6ea4d0add763,,,2026-12-27T18:00:00Z,152904.55090555,TB,ATL,1,1,0.4675324675324675,0.4675324675324675,0.0,0.0,0.0,TB,0.5324675324675325,0,1,0-1,1.0,87.945667,87.945667,0,,0.4675324675324675,,1.5,0.0,45.5,0.0,,,,,False
2026-09-12T13:35:26Z,SCHEDULED_FULL,0f23afce92c2f0af28973c0a7533763e,odds_0f23afce92c2f0af28973c0a7533763e,,,2026-12-27T18:00:00Z,152904.55090555,CLE,BAL,2,1,0.7768331562167907,0.7768331562167907,0.0,0.0,0.0,BAL,0.7768331562167907,1,0,1-0,1.0,89.445667,90.945667,0,,0.7768331562167907,,-9.75,0.5,43.5,0.0,,,,,False
2026-09-12T13:35:26Z,SCHEDULED_FULL,74cb0e112d069cdbda1671ae85531f43,odds_74cb0e112d069cdbda1671ae85531f43,,,2026-12-27T18:00:00Z,152904.55090555,CAR,PIT,2,1,0.6309403437815976,0.6309403437815976,0.0,0.0,0.0,PIT,0.6309403437815976,1,0,1-0,1.0,89.445667,90.945667,0,,0.6309403437815976,,-3.5,0.0,41.5,0.0,,,,,False
2026-09-12T13:35:26Z,SCHEDULED_FULL,ca8982dccb6c3ae01525800317287f02,odds_ca8982dccb6c3ae01525800317287f02,,,2026-12-27T18:00:00Z,152904.55090555,CIN,IND,2,1,0.4675324675324675,0.4675324675324675,0.0,0.0,0.0,CIN,0.5324675324675325,0,1,0-1,1.0,89.445667,90.945667,0,,0.4675324675324675,,1.5,0.0,52.5,0.0,,,,,False
2026-09-12T13:35:26Z,SCHEDULED_FULL,29425f5c68826d615277cf9be2b82e00,odds_29425f5c68826d615277cf9be2b82e00,,,2026-12-27T18:00:00Z,152904.55090555,TEN,LV,1,1,0.5324675324675325,0.5324675324675325,0.0,0.0,0.0,LV,0.5324675324675325,1,0,1-0,1.0,87.945667,87.945667,0,,0.5324675324675325,,-1.5,0.0,42.5,0.0,,,,,False
2026-09-12T13:35:26Z,SCHEDULED_FULL,fe2eb511d4c2da3a8e88b85b4f4e9f7e,odds_fe2eb511d4c2da3a8e88b85b4f4e9f7e,,,2026-12-27T18:00:00Z,152904.55090555,LAC,MIA,1,1,0.2428115015974441,0.2428115015974441,0.0,0.0,0.0,LAC,0.7571884984025559,0,1,0-1,1.0,87.945667,87.945667,0,,0.2428115015974441,,7.0,0.0,45.5,0.0,,,,,False
2026-09-12T13:35:26Z,SCHEDULED_FULL,cf5cefa5556bcd0156bd394171ef6c8e,odds_cf5cefa5556bcd0156bd394171ef6c8e,,,2026-12-27T18:00:00Z,152904.55090555,WAS,MIN,2,1,0.551441114716549,0.551441114716549,0.0,0.0,0.0,MIN,0.551441114716549,1,0,1-0,1.0,89.445667,90.945667,0,,0.551441114716549,,-2.5,0.0,46.5,0.0,,,,,False
2026-09-12T13:35:26Z,SCHEDULED_FULL,b1c4ec04c3398a9efa25492000858384,odds_b1c4ec04c3398a9efa25492000858384,,,2026-12-28T01:20:00Z,153344.55090555,JAX,DAL,1,1,0.593369754159424,0.593369754159424,0.0,0.0,0.0,DAL,0.593369754159424,1,0,1-0,1.0,87.945667,87.945667,0,,0.593369754159424,,-3.0,0.0,51.5,0.0,,,,,False
2026-09-12T13:35:26Z,SCHEDULED_FULL,ca92c191ebf7361ea56f9bbc09a5f51b,odds_ca92c191ebf7361ea56f9bbc09a5f51b,,,2026-12-29T01:15:00Z,154779.55090555,NYG,DET,1,1,0.644729178800233,0.644729178800233,0.0,0.0,0.0,DET,0.644729178800233,1,0,1-0,1.0,87.945667,87.945667,0,,0.644729178800233,,-4.5,0.0,49.5,0.0,,,,,False
2026-09-12T13:35:26Z,SCHEDULED_FULL,be268ce293cf4fad1c0c867a3ca4c257,odds_be268ce293cf4fad1c0c867a3ca4c257,,,2027-01-01T01:15:00Z,159099.55090555,BAL,CIN,2,1,0.551441114716549,0.551441114716549,0.0,0.0,0.0,CIN,0.551441114716549,1,0,1-0,1.0,89.445667,90.945667,0,,0.551441114716549,,-2.5,0.0,51.5,0.0,,,,,False
2026-09-12T13:35:26Z,SCHEDULED_FULL,e5dd9cc3fd5452d55c250949e946743d,odds_e5dd9cc3fd5452d55c250949e946743d,,,2027-01-03T18:00:00Z,162984.55090555,NO,ATL,1,1,0.5260865852617197,0.5260865852617197,0.0,0.0,0.0,ATL,0.5260865852617197,1,0,1-0,1.0,87.945667,87.945667,0,,0.5260865852617197,,-1.5,0.0,44.5,0.0,,,,,False
2026-09-12T13:35:26Z,SCHEDULED_FULL,d9a186d988a3ede2a33e504f4890fe52,odds_d9a186d988a3ede2a33e504f4890fe52,,,2027-01-03T18:00:00Z,162984.55090555,BUF,MIA,1,1,0.24000000000000005,0.24000000000000005,0.0,0.0,0.0,BUF,0.76,0,1,0-1,1.0,87.945667,87.945667,0,,0.24000000000000005,,7.5,0.0,47.5,0.0,,,,,False
2026-09-12T13:35:26Z,SCHEDULED_FULL,f2e03f9b857485bb13211ee0f5eb5935,odds_f2e03f9b857485bb13211ee0f5eb5935,,,2027-01-03T18:00:00Z,162984.55090555,IND,CLE,1,1,0.448558885283451,0.448558885283451,0.0,0.0,0.0,IND,0.551441114716549,0,1,0-1,1.0,87.945667,87.945667,0,,0.448558885283451,,2.5,0.0,43.5,0.0,,,,,False
2026-09-12T13:35:26Z,SCHEDULED_FULL,c8945d476449633912cf51a346ac98ca,odds_c8945d476449633912cf51a346ac98ca,,,2027-01-03T18:00:00Z,162984.55090555,NYG,DAL,1,1,0.6574752261956054,0.6574752261956054,0.0,0.0,0.0,DAL,0.6574752261956054,1,0,1-0,1.0,87.945667,87.945667,0,,0.6574752261956054,,-4.5,0.0,49.5,0.0,,,,,False
2026-09-12T13:35:26Z,SCHEDULED_FULL,c96a3e9e40569b4ed5a546dff131c61d,odds_c96a3e9e40569b4ed5a546dff131c61d,,,2027-01-03T18:00:00Z,162984.55090555,WAS,JAX,2,1,0.6224665518611737,0.6224665518611737,0.0,0.0,0.0,JAX,0.6224665518611737,1,0,1-0,1.0,89.445667,90.945667,0,,0.6224665518611737,,-3.5,0.0,48.5,0.0,,,,,False
2026-09-12T13:35:26Z,SCHEDULED_FULL,bfe51fa0034c9d22a69ffd80e2d717f5,odds_bfe51fa0034c9d22a69ffd80e2d717f5,,,2027-01-03T18:00:00Z,162984.55090555,MIN,NYJ,1,1,0.3690596562184025,0.3690596562184025,0.0,0.0,0.0,MIN,0.6309403437815975,0,1,0-1,1.0,87.945667,87.945667,0,,0.3690596562184025,,3.5,0.0,39.5,0.0,,,,,False
2026-09-12T13:35:26Z,SCHEDULED_FULL,d0ffa5ed13cbd7610f9176041464404a,odds_d0ffa5ed13cbd7610f9176041464404a,,,2027-01-03T18:00:00Z,162984.55090555,PIT,TEN,2,1,0.4675324675324675,0.4675324675324675,0.0,0.0,0.0,PIT,0.5324675324675325,0,1,0-1,1.0,89.445667,90.945667,0,,0.4675324675324675,,1.5,0.0,42.5,0.0,,,,,False
2026-09-12T13:35:26Z,SCHEDULED_FULL,08abdb683fcb6d77f66baed136f47283,odds_08abdb683fcb6d77f66baed136f47283,,,2027-01-03T21:05:00Z,163169.55090555,LV,ARI,1,1,0.4572564612326044,0.4572564612326044,0.0,0.0,0.0,LV,0.5427435387673956,0,1,0-1,1.0,87.945667,87.945667,0,,0.4572564612326044,,1.5,0.0,42.5,0.0,,,,,False
2026-09-12T13:35:26Z,SCHEDULED_FULL,12089441cea51add4694cdde98b4a5b7,odds_12089441cea51add4694cdde98b4a5b7,,,2027-01-03T21:25:00Z,163189.55090555,DET,CHI,1,1,0.5260865852617197,0.5260865852617197,0.0,0.0,0.0,CHI,0.5260865852617197,1,0,1-0,1.0,87.945667,87.945667,0,,0.5260865852617197,,-1.5,0.0,49.5,0.0,,,,,False
2026-09-12T13:35:26Z,SCHEDULED_FULL,67d842cb73300ef923959105698b63bb,odds_67d842cb73300ef923959105698b63bb,,,2027-01-03T21:25:00Z,163189.55090555,KC,LAC,2,1,0.5324675324675325,0.5324675324675325,0.0,0.0,0.0,LAC,0.5324675324675325,1,0,1-0,1.0,89.445667,90.945667,0,,0.5324675324675325,,-1.5,0.0,45.5,0.0,,,,,False
2026-09-12T13:35:26Z,SCHEDULED_FULL,37bc346543da471e067b695b862ccfe9,odds_37bc346543da471e067b695b862ccfe9,,,2027-01-05T01:15:00Z,164859.55090555,HOU,GB,1,1,0.551441114716549,0.551441114716549,0.0,0.0,0.0,GB,0.551441114716549,1,0,1-0,1.0,87.945667,87.945667,0,,0.551441114716549,,-2.5,0.0,42.5,0.0,,,,,False
2026-09-12T13:35:26Z,SCHEDULED_FULL,7f809a45bc8baedf0cb0259e7da7cd29,odds_7f809a45bc8baedf0cb0259e7da7cd29,,,2027-01-10T18:00:00Z,173064.55090555,ATL,CAR,1,1,0.551441114716549,0.551441114716549,0.0,0.0,0.0,CAR,0.551441114716549,1,0,1-0,1.0,87.945667,87.945667,0,,0.551441114716549,,-2.5,0.0,41.5,0.0,,,,,False
2026-09-12T13:35:26Z,SCHEDULED_FULL,d7da5587a88a7fc35c36b453d3264d5a,odds_d7da5587a88a7fc35c36b453d3264d5a,,,2027-01-10T18:00:00Z,173064.55090555,PIT,BAL,2,1,0.6690070210631895,0.6690070210631895,0.0,0.0,0.0,BAL,0.6690070210631895,1,0,1-0,1.0,89.445667,90.945667,0,,0.6690070210631895,,-5.5,0.0,43.5,0.0,,,,,False
2026-09-12T13:35:26Z,SCHEDULED_FULL,97cbd9ad26dff1af47192120defe112d,odds_97cbd9ad26dff1af47192120defe112d,,,2027-01-10T18:00:00Z,173064.55090555,NYJ,BUF,1,1,0.7913616398243045,0.7913616398243045,0.0,0.0,0.0,BUF,0.7913616398243045,1,0,1-0,1.0,87.945667,87.945667,0,,0.7913616398243045,,-10.0,0.0,43.5,0.0,,,,,False
2026-09-12T13:35:26Z,SCHEDULED_FULL,d190fb7ea85c33b96a495041dad22142,odds_d190fb7ea85c33b96a495041dad22142,,,2027-01-10T18:00:00Z,173064.55090555,CHI,MIN,1,1,0.5324675324675325,0.5324675324675325,0.0,0.0,0.0,MIN,0.5324675324675325,1,0,1-0,1.0,87.945667,87.945667,0,,0.5324675324675325,,-1.5,0.0,43.5,0.0,,,,,False
2026-09-12T13:35:26Z,SCHEDULED_FULL,8c16104c8afc72b583531508b2aa1c33,odds_8c16104c8afc72b583531508b2aa1c33,,,2027-01-10T18:00:00Z,173064.55090555,CLE,CIN,1,1,0.7508125677139762,0.7508125677139762,0.0,0.0,0.0,CIN,0.7508125677139762,1,0,1-0,1.0,87.945667,87.945667,0,,0.7508125677139762,,-7.5,0.0,43.5,0.0,,,,,False
2026-09-12T13:35:26Z,SCHEDULED_FULL,3f460f14b810d7bf642bdf7b658530c0,odds_3f460f14b810d7bf642bdf7b658530c0,,,2027-01-10T18:00:00Z,173064.55090555,DAL,WAS,1,1,0.4739134147382802,0.4739134147382802,0.0,0.0,0.0,DAL,0.5260865852617198,0,1,0-1,1.0,87.945667,87.945667,0,,0.4739134147382802,,1.5,0.0,49.5,0.0,,,,,False
2026-09-12T13:35:26Z,SCHEDULED_FULL,71d0d10e384393c1e071c39dd3931c19,odds_71d0d10e384393c1e071c39dd3931c19,,,2027-01-10T18:00:00Z,173064.55090555,LAC,DEN,1,1,0.5260865852617197,0.5260865852617197,0.0,0.0,0.0,DEN,0.5260865852617197,1,0,1-0,1.0,87.945667,87.945667,0,,0.5260865852617197,,-1.5,0.0,41.5,0.0,,,,,False
2026-09-12T13:35:26Z,SCHEDULED_FULL,8f81778bbdb984be44e24a3d55a49b4d,odds_8f81778bbdb984be44e24a3d55a49b4d,,,2027-01-10T18:00:00Z,173064.55090555,DET,GB,1,1,0.551441114716549,0.551441114716549,0.0,0.0,0.0,GB,0.551441114716549,1,0,1-0,1.0,87.945667,87.945667,0,,0.551441114716549,,-2.5,0.0,47.5,0.0,,,,,False
2026-09-12T13:35:26Z,SCHEDULED_FULL,9bb63096709ba607443c454d2a813b14,odds_9bb63096709ba607443c454d2a813b14,,,2027-01-10T18:00:00Z,173064.55090555,TEN,HOU,1,1,0.7179705215419501,0.7179705215419501,0.0,0.0,0.0,HOU,0.7179705215419501,1,0,1-0,1.0,87.945667,87.945667,0,,0.7179705215419501,,-7.0,0.0,39.5,0.0,,,,,False
2026-09-12T13:35:26Z,SCHEDULED_FULL,bea47af467e217653bba8d69888e4d95,odds_bea47af467e217653bba8d69888e4d95,,,2027-01-10T18:00:00Z,173064.55090555,JAX,IND,2,1,0.5260865852617197,0.5260865852617197,0.0,0.0,0.0,IND,0.5260865852617197,1,0,1-0,1.0,89.445667,90.945667,0,,0.5260865852617197,,-1.5,0.0,46.5,0.0,,,,,False
2026-09-12T13:35:26Z,SCHEDULED_FULL,bb66a6f02c535c0cd8b9c689a5513687,odds_bb66a6f02c535c0cd8b9c689a5513687,,,2027-01-10T18:00:00Z,173064.55090555,LV,KC,1,1,0.771505376344086,0.771505376344086,0.0,0.0,0.0,KC,0.771505376344086,1,0,1-0,1.0,87.945667,87.945667,0,,0.771505376344086,,-8.5,0.0,40.5,0.0,,,,,False
2026-09-12T13:35:26Z,SCHEDULED_FULL,7b8ce34c0e173e4ff6ccf8e8caa09113,odds_7b8ce34c0e173e4ff6ccf8e8caa09113,,,2027-01-10T18:00:00Z,173064.55090555,TB,NO,2,1,0.4675324675324675,0.4675324675324675,0.0,0.0,0.0,TB,0.5324675324675325,0,1,0-1,1.0,89.445667,90.945667,0,,0.4675324675324675,,1.5,0.0,43.5,0.0,,,,,False
2026-09-12T13:35:26Z,SCHEDULED_FULL,01baed6f9d6482c5d89d37379c7c63c7,odds_01baed6f9d6482c5d89d37379c7c63c7,,,2027-01-10T18:00:00Z,173064.55090555,PHI,NYG,1,1,0.4066302458405761,0.4066302458405761,0.0,0.0,0.0,PHI,0.5933697541594238,0,1,0-1,1.0,87.945667,87.945667,0,,0.4066302458405761,,3.0,0.0,41.5,0.0,,,,,False
