snapshot_utc,snapshot_role,official_entry_snapshot,runner_mode,artifact_manifest_sha256,model_version,game_id,season,week,gameday,gametime,kickoff_utc,hours_to_kickoff,away_team,home_team,spread_line,total_line,away_moneyline,home_moneyline,market_pick,market_underdog,market_fav_prob,p_home_market,p_home_elo,p_home_logistic,p_home_catboost,p_home_residual,p_dog_matchup_logistic,p_dog_variance_catboost,final_pick,decision_type,upset_pairing,residual_penalty,training_end_season,pbp_end_season
2026-09-06T11:57:03Z,SMOKE_TEST,False,fast_frozen_artifacts,1bb0a0e425044e1d22fcbc2fb4e30cfc0e34b73077ae72f4f9b57b3fd38d1366,prospective-v1-frozen-2025,2026_01_NE_SEA,2026,1,2026-09-09,20:20,2026-09-10 00:20:00+00:00,84.3825,NE,SEA,3.5,44.5,150.0,-180.0,SEA,NE,0.6164383561643836,0.6164383561643836,0.6975320175694689,0.6211641103946101,0.647024745939707,0.6103844092905721,0.3915743920517849,0.3275206824536733,SEA,FOLLOW_MARKET,matchup_logistic__variance_catboost,1000.0,2025,2025
2026-09-06T11:57:03Z,SMOKE_TEST,False,fast_frozen_artifacts,1bb0a0e425044e1d22fcbc2fb4e30cfc0e34b73077ae72f4f9b57b3fd38d1366,prospective-v1-frozen-2025,2026_01_SF_LA,2026,1,2026-09-10,20:35,2026-09-11 00:35:00+00:00,108.6325,SF,LA,3.5,48.5,154.0,-185.0,LA,SF,0.6224665518611737,0.6224665518611737,0.579372380237358,0.6261292438676527,0.5804215385809078,0.6170443823582008,0.3615955726348947,0.4807836732260173,LA,FOLLOW_MARKET,matchup_logistic__variance_catboost,1000.0,2025,2025
2026-09-06T11:57:03Z,SMOKE_TEST,False,fast_frozen_artifacts,1bb0a0e425044e1d22fcbc2fb4e30cfc0e34b73077ae72f4f9b57b3fd38d1366,prospective-v1-frozen-2025,2026_01_ATL_PIT,2026,1,2026-09-13,13:00,2026-09-13 17:00:00+00:00,173.04916666666668,ATL,PIT,3.5,42.5,154.0,-185.0,PIT,ATL,0.6224665518611737,0.6224665518611737,0.6897575623863923,0.5870341647010927,0.598915904565945,0.6166527216080951,0.4310545315310483,0.38881943991849044,PIT,FOLLOW_MARKET,matchup_logistic__variance_catboost,1000.0,2025,2025
2026-09-06T11:57:03Z,SMOKE_TEST,False,fast_frozen_artifacts,1bb0a0e425044e1d22fcbc2fb4e30cfc0e34b73077ae72f4f9b57b3fd38d1366,prospective-v1-frozen-2025,2026_01_BAL_IND,2026,1,2026-09-13,13:00,2026-09-13 17:00:00+00:00,173.04916666666668,BAL,IND,-3.5,48.5,-180.0,150.0,BAL,IND,0.6164383561643836,0.3835616438356164,0.421448517380776,0.43443096035641277,0.3633618937757163,0.37752316760087884,0.4197888420611953,0.4185755285164814,BAL,FOLLOW_MARKET,matchup_logistic__variance_catboost,1000.0,2025,2025
2026-09-06T11:57:03Z,SMOKE_TEST,False,fast_frozen_artifacts,1bb0a0e425044e1d22fcbc2fb4e30cfc0e34b73077ae72f4f9b57b3fd38d1366,prospective-v1-frozen-2025,2026_01_BUF_HOU,2026,1,2026-09-13,13:00,2026-09-13 17:00:00+00:00,173.04916666666668,BUF,HOU,-1.5,44.5,-118.0,-102.0,BUF,HOU,0.5173641257162702,0.4826358742837298,0.5447457647321455,0.5095791576592151,0.33856696086983784,0.4760963796716803,0.49095521184539814,0.5068344724161542,BUF,CLOSE_MARKET_ALIGNED,matchup_logistic__variance_catboost,1000.0,2025,2025
2026-09-06T11:57:03Z,SMOKE_TEST,False,fast_frozen_artifacts,1bb0a0e425044e1d22fcbc2fb4e30cfc0e34b73077ae72f4f9b57b3fd38d1366,prospective-v1-frozen-2025,2026_01_CHI_CAR,2026,1,2026-09-13,13:00,2026-09-13 17:00:00+00:00,173.04916666666668,CHI,CAR,-2.5,47.5,-155.0,130.0,CHI,CAR,0.5829926410466066,0.4170073589533933,0.41507420296111996,0.39576418624039933,0.45509975782866796,0.41141718493241836,0.3990978475444601,0.38494840444484624,CHI,FOLLOW_MARKET,matchup_logistic__variance_catboost,1000.0,2025,2025
2026-09-06T11:57:03Z,SMOKE_TEST,False,fast_frozen_artifacts,1bb0a0e425044e1d22fcbc2fb4e30cfc0e34b73077ae72f4f9b57b3fd38d1366,prospective-v1-frozen-2025,2026_01_CLE_JAX,2026,1,2026-09-13,13:00,2026-09-13 17:00:00+00:00,173.04916666666668,CLE,JAX,7.5,40.5,320.0,-410.0,JAX,CLE,0.771505376344086,0.771505376344086,0.7825932845787718,0.7613339142468432,0.86616350555925,0.7674265438802375,0.2629005265368013,0.2252925864063502,JAX,FOLLOW_MARKET,matchup_logistic__variance_catboost,1000.0,2025,2025
2026-09-06T11:57:03Z,SMOKE_TEST,False,fast_frozen_artifacts,1bb0a0e425044e1d22fcbc2fb4e30cfc0e34b73077ae72f4f9b57b3fd38d1366,prospective-v1-frozen-2025,2026_01_NO_DET,2026,1,2026-09-13,13:00,2026-09-13 17:00:00+00:00,173.04916666666668,NO,DET,7.0,49.5,250.0,-310.0,DET,NO,0.725752508361204,0.725752508361204,0.7813267591949374,0.7117323774806702,0.75466860668958,0.7207968902574085,0.29007456664684056,0.24737750410989437,DET,FOLLOW_MARKET,matchup_logistic__variance_catboost,1000.0,2025,2025
2026-09-06T11:57:03Z,SMOKE_TEST,False,fast_frozen_artifacts,1bb0a0e425044e1d22fcbc2fb4e30cfc0e34b73077ae72f4f9b57b3fd38d1366,prospective-v1-frozen-2025,2026_01_NYJ_TEN,2026,1,2026-09-13,13:00,2026-09-13 17:00:00+00:00,173.04916666666668,NYJ,TEN,1.5,39.5,114.0,-135.0,TEN,NYJ,0.551441114716549,0.551441114716549,0.5504849325272921,0.5508352196002385,0.6051629023260903,0.5456480396152353,0.5133871626758243,0.3487153530214151,TEN,FOLLOW_MARKET,matchup_logistic__variance_catboost,1000.0,2025,2025
2026-09-06T11:57:03Z,SMOKE_TEST,False,fast_frozen_artifacts,1bb0a0e425044e1d22fcbc2fb4e30cfc0e34b73077ae72f4f9b57b3fd38d1366,prospective-v1-frozen-2025,2026_01_TB_CIN,2026,1,2026-09-13,13:00,2026-09-13 17:00:00+00:00,173.04916666666668,TB,CIN,3.5,50.5,170.0,-205.0,CIN,TB,0.644729178800233,0.644729178800233,0.5671235589873532,0.6594432547950753,0.5942321401532932,0.6395546729005094,0.3158572125147204,0.4781706662341106,CIN,FOLLOW_MARKET,matchup_logistic__variance_catboost,1000.0,2025,2025
2026-09-06T11:57:03Z,SMOKE_TEST,False,fast_frozen_artifacts,1bb0a0e425044e1d22fcbc2fb4e30cfc0e34b73077ae72f4f9b57b3fd38d1366,prospective-v1-frozen-2025,2026_01_ARI_LAC,2026,1,2026-09-13,16:25,2026-09-13 20:25:00+00:00,176.46583333333334,ARI,LAC,10.5,46.5,440.0,-600.0,LAC,ARI,0.8223350253807106,0.8223350253807106,0.7944260898036377,0.8118077925175308,0.8680053664607669,0.8191001049006494,0.17920826349794583,0.19548958713419803,LAC,FOLLOW_MARKET,matchup_logistic__variance_catboost,1000.0,2025,2025
2026-09-06T11:57:03Z,SMOKE_TEST,False,fast_frozen_artifacts,1bb0a0e425044e1d22fcbc2fb4e30cfc0e34b73077ae72f4f9b57b3fd38d1366,prospective-v1-frozen-2025,2026_01_GB_MIN,2026,1,2026-09-13,16:25,2026-09-13 20:25:00+00:00,176.46583333333334,GB,MIN,1.5,46.5,102.0,-122.0,MIN,GB,0.5260865852617197,0.5260865852617197,0.5949946465686521,0.5414739707155917,0.600452949656458,0.519824020058891,0.4785436597087569,0.5492800807783076,MIN,FOLLOW_MARKET,matchup_logistic__variance_catboost,1000.0,2025,2025
2026-09-06T11:57:03Z,SMOKE_TEST,False,fast_frozen_artifacts,1bb0a0e425044e1d22fcbc2fb4e30cfc0e34b73077ae72f4f9b57b3fd38d1366,prospective-v1-frozen-2025,2026_01_MIA_LV,2026,1,2026-09-13,16:25,2026-09-13 20:25:00+00:00,176.46583333333334,MIA,LV,3.5,40.5,160.0,-192.0,LV,MIA,0.6309403437815976,0.6309403437815976,0.3935530752774968,0.5714513875219365,0.4753881954760482,0.6267115161671756,0.40978232582053464,0.39976415871424836,LV,FOLLOW_MARKET,matchup_logistic__variance_catboost,1000.0,2025,2025
2026-09-06T11:57:03Z,SMOKE_TEST,False,fast_frozen_artifacts,1bb0a0e425044e1d22fcbc2fb4e30cfc0e34b73077ae72f4f9b57b3fd38d1366,prospective-v1-frozen-2025,2026_01_WAS_PHI,2026,1,2026-09-13,16:25,2026-09-13 20:25:00+00:00,176.46583333333334,WAS,PHI,5.5,44.5,180.0,-218.0,PHI,WAS,0.6574752261956054,0.6574752261956054,0.7673092042281093,0.6334731736825291,0.6152714910540293,0.6515400352463073,0.40488685660069557,0.3910251169674324,PHI,FOLLOW_MARKET,matchup_logistic__variance_catboost,1000.0,2025,2025
2026-09-06T11:57:03Z,SMOKE_TEST,False,fast_frozen_artifacts,1bb0a0e425044e1d22fcbc2fb4e30cfc0e34b73077ae72f4f9b57b3fd38d1366,prospective-v1-frozen-2025,2026_01_DAL_NYG,2026,1,2026-09-13,20:20,2026-09-14 00:20:00+00:00,180.3825,DAL,NYG,-2.5,48.5,-148.0,124.0,DAL,NYG,0.5720596355604639,0.42794036443953615,0.5004963819106397,0.38252389104944173,0.4995757731629883,0.4220778717325164,0.3930219709964506,0.395678917133274,DAL,FOLLOW_MARKET,matchup_logistic__variance_catboost,1000.0,2025,2025
2026-09-06T11:57:03Z,SMOKE_TEST,False,fast_frozen_artifacts,1bb0a0e425044e1d22fcbc2fb4e30cfc0e34b73077ae72f4f9b57b3fd38d1366,prospective-v1-frozen-2025,2026_01_DEN_KC,2026,1,2026-09-14,20:15,2026-09-15 00:15:00+00:00,204.29916666666668,DEN,KC,3.0,42.5,120.0,-142.0,KC,DEN,0.5634920634920635,0.5634920634920635,0.40523378059036463,0.5414672688267422,0.4828044200735297,0.5585029722509952,0.4963157417615481,0.41368928512490905,KC,FOLLOW_MARKET,matchup_logistic__variance_catboost,1000.0,2025,2025
